Player,Tm,FantPos,Age,G,GS,Cmp,Att,Yds,TD,Int,Att,Yds,Y/A,TD,Rec,Yds,Y/R,TD,Fmb,FL,TD,2PM,2PP,FantPt,PPR,DKPt,FDPt,VBD,PosRank,OvRank
Jerry Rice*+,SFO,WR,25,12,12,0,0,0,0,0,8,51,6.38,1,65,1078,16.58,22,2,,23,,,249,313.9,317.9,281.4,160,1,1
Joe Montana*+,SFO,QB,31,13,11,266,398,3054,31,13,35,141,4.03,1,0,0,,0,3,,1,,,237,237.3,257.8,250.3,95,1,2
Charles White*+,RAM,RB,29,15,12,0,0,0,0,0,324,1374,4.24,11,23,121,5.26,0,8,,11,,,208,230.5,240.5,219.0,95,1,3
Randall Cunningham,PHI,QB,24,12,12,223,406,2786,23,12,76,505,6.64,3,1,-3,-3.00,0,12,,3,,,236,236.6,260.6,248.1,94,2,4
Herschel Walker*,DAL,RB,25,12,11,0,0,0,0,0,209,891,4.26,7,60,715,11.92,1,4,,8,,,205,264.6,272.6,234.6,92,2,5
John Elway*,DEN,QB,27,12,12,224,410,3198,19,12,66,304,4.61,4,0,0,,0,2,,4,,,232,232.3,251.3,244.3,90,3,6
Mark Bavaro*+,NYG,TE,24,12,12,0,0,0,0,0,0,0,,0,55,867,15.76,8,2,,8,,,133,187.7,191.7,160.2,88,1,7
Neil Lomax*,STL,QB,28,12,12,275,463,3387,24,12,29,107,3.69,0,0,0,,0,7,,0,,,211,211.2,232.7,223.2,69,4,8
J.T. Smith,STL,WR,32,15,14,0,0,0,0,0,0,0,,0,91,1117,12.27,8,2,,8,,,158,248.7,252.7,203.2,69,2,9
Dan Marino*,MIA,QB,26,12,12,263,444,3245,26,13,12,-5,-0.42,1,0,0,,0,5,,1,,,208,208.3,226.8,221.3,66,5,10
Eric Dickerson*+,2TM,RB,27,12,10,0,0,0,0,0,283,1288,4.55,6,18,171,9.50,0,7,,6,,,175,192.9,202.4,183.9,63,3,11
Curt Warner*,SEA,RB,26,12,12,0,0,0,0,0,234,985,4.21,8,17,167,9.82,2,4,,10,,,171,188.2,196.2,179.7,59,4,12
Gary Clark*+,WAS,WR,25,12,11,0,0,0,0,0,1,0,0.00,0,56,1066,19.04,7,3,,7,,,146,201.6,206.1,173.6,57,3,13
Bernie Kosar*,CLE,QB,24,12,12,241,389,3033,22,9,15,22,1.47,1,0,0,,0,2,,1,,,198,197.5,210.5,206.5,56,6,14
Carlos Carson*,KAN,WR,29,12,12,0,0,0,0,0,1,-7,-7.00,0,55,1044,18.98,7,1,,7,,,145,199.7,203.2,172.2,56,4,15
Mike Quick*,PHI,WR,28,12,12,0,0,0,0,0,0,0,,0,46,790,17.17,11,3,,11,,,142,188.0,192.5,165.0,54,5,16
Steve Largent*,SEA,WR,33,13,13,0,2,0,0,0,2,33,16.50,0,58,912,15.72,8,2,,8,,,141,198.5,202.5,169.5,52,6,17
Albert Bentley,IND,RB,27,12,4,0,0,0,0,0,142,631,4.44,7,34,447,13.15,2,3,,9,,,159,192.8,200.3,175.8,46,5,18
Anthony Carter*,MIN,WR,27,12,11,0,0,0,0,0,0,0,,0,38,922,24.26,7,0,,7,,,134,172.2,175.2,153.2,46,7,19
Drew Hill,HOU,WR,31,12,12,0,1,0,0,0,0,0,,0,49,989,20.18,6,1,,6,,,134,182.9,186.4,158.4,45,8,20
Robert Awalt,STL,TE,23,12,9,0,0,0,0,0,2,-9,-4.50,0,42,526,12.52,6,0,,6,,,88,129.7,132.7,108.7,43,2,21
Earnest Byner,CLE,RB,25,12,12,0,0,0,0,0,105,432,4.11,8,52,552,10.62,2,5,,10,,,153,205.4,213.9,179.4,41,6,22
Warren Moon,HOU,QB,31,12,12,184,368,2806,21,18,34,112,3.29,3,0,0,,0,8,,3,,,181,181.4,209.4,199.4,40,7,23
Al Toon*,NYJ,WR,24,12,11,0,0,0,0,0,0,0,,0,68,976,14.35,5,0,,5,,,128,195.6,198.6,161.6,39,9,24
Ernest Givins,HOU,WR,23,12,12,0,0,0,0,0,1,-13,-13.00,0,53,933,17.60,6,2,,6,,,126,179.0,183.0,152.5,38,10,25
Roger Craig*,SFO,FB,27,14,14,0,0,0,0,0,215,815,3.79,3,66,492,7.45,1,5,,4,,,150,215.7,224.2,182.7,37,7,26
Jim Kelly*,BUF,QB,27,12,12,250,419,2798,19,11,29,133,4.59,0,1,35,35.00,0,6,,0,,,177,177.7,197.7,188.2,35,8,27
Stump Mitchell,STL,RB,28,12,12,1,3,17,0,0,203,781,3.85,3,45,397,8.82,2,3,,5,,,145,190.5,198.0,168.0,33,8,28
Webster Slaughter,CLE,WR,23,12,12,0,0,0,0,0,0,0,,0,47,806,17.15,7,1,,7,,,122,168.6,172.1,145.1,33,11,29
,,,,,,,,,,,,,,,,,,,,,,,,,,,,,,
Todd Christensen*,RAI,TE,31,12,12,0,0,0,0,0,0,0,,0,47,663,14.11,2,0,,2,,,78,125.3,128.3,101.8,33,3,30
Marcus Allen*,RAI,RB,27,12,12,1,2,23,0,0,200,754,3.77,5,51,410,8.04,0,3,,5,,,144,195.3,202.8,169.8,32,9,31
Mark Clayton,MIA,WR,26,12,12,0,0,0,0,0,2,8,4.00,0,46,776,16.87,7,0,,7,,,120,166.4,169.4,143.4,32,12,32
Boomer Esiason,CIN,QB,26,12,12,240,440,3321,16,19,52,241,4.63,0,0,0,,0,10,,0,,,173,172.9,202.9,191.9,31,9,33
Troy Stradford,MIA,RB,23,12,5,1,1,6,0,0,145,619,4.27,6,48,457,9.52,1,6,,7,,,144,191.8,200.8,167.8,31,10,34
James Lofton,RAI,WR,31,12,12,0,0,0,0,0,1,1,1.00,0,41,880,21.46,5,0,,5,,,118,159.1,162.1,138.6,30,13,35
Eric Martin,NOR,WR,26,15,11,0,0,0,0,0,0,0,,0,44,778,17.68,7,3,,7,,,117,160.8,165.3,138.8,28,14,36
Neal Anderson,CHI,RB,23,11,10,0,0,0,0,0,129,586,4.54,3,47,467,9.94,3,2,,6,,,139,186.3,193.3,162.8,27,11,37
Wade Wilson,MIN,QB,28,12,7,140,264,2106,14,13,41,263,6.41,5,0,0,,0,3,,5,,,168,167.5,188.0,180.5,26,10,38
Willie Gault,CHI,WR,27,12,12,0,0,0,0,0,2,16,8.00,0,35,705,20.14,7,0,,7,,,114,149.1,152.1,131.6,26,16,39
Pete Mandley,DET,WR,26,12,12,0,0,0,0,0,1,3,3.00,0,58,720,12.41,7,0,,7,,,114,172.3,175.3,143.3,26,15,40
Kellen Winslow*,SDG,TE,30,12,12,0,0,0,0,0,0,0,,0,53,519,9.79,3,1,,3,,,69,121.9,125.4,95.4,24,4,41
Dave Krieg,SEA,QB,29,12,12,178,294,2131,23,15,36,155,4.31,2,0,0,,0,11,,2,,,164,163.7,190.2,178.7,22,11,42
Johnny Hector,NYJ,RB,27,11,6,0,0,0,0,0,111,435,3.92,11,32,249,7.78,0,2,,11,,,132,164.4,171.4,148.4,20,12,43
Vance Johnson,DEN,WR,24,11,9,0,1,0,0,0,1,-8,-8.00,0,42,684,16.29,7,1,,7,,,109,150.6,154.1,129.6,20,17,44
Mark Duper,MIA,WR,28,11,11,0,0,0,0,0,0,0,,0,33,597,18.09,8,0,,8,,,108,140.7,143.7,124.2,19,18,45
Andre Reed,BUF,WR,23,12,12,0,0,0,0,0,1,1,1.00,0,57,752,13.19,5,0,,5,,,105,162.3,165.3,133.8,17,19,46
Mike Rozier*,HOU,RB,26,11,11,0,0,0,0,0,229,957,4.18,3,27,192,7.11,0,5,,3,,,128,154.9,163.4,141.4,16,13,47
Steve Jordan*,MIN,TE,26,12,12,0,0,0,0,0,0,0,,0,35,490,14.00,2,1,,2,,,60,95.0,98.5,77.5,15,6,48
Doug Cosbie,DAL,TE,31,12,12,0,0,0,0,0,1,-5,-5.00,0,36,421,11.69,3,0,,3,,,60,95.6,98.6,77.6,15,7,49
Calvin Magee,TAM,TE,24,11,11,0,0,0,0,0,0,0,,0,34,424,12.47,3,0,,3,,,60,94.4,97.4,77.4,15,5,50
Dalton Hilliard,NOR,RB,23,12,1,1,1,23,1,0,123,508,4.13,7,23,264,11.48,1,4,,8,,,126,149.1,157.1,137.6,14,14,51
Mickey Shuler,NYJ,TE,31,11,10,0,0,0,0,0,0,0,,0,43,434,10.09,3,2,,3,,,59,102.4,106.4,80.9,14,8,52
Kevin Mack*,CLE,FB,25,12,12,0,0,0,0,0,201,735,3.66,5,32,223,6.97,1,6,,6,,,126,157.8,166.8,141.8,13,15,53
Chris Burkett,BUF,WR,25,12,12,0,0,0,0,0,0,0,,0,56,765,13.66,4,1,,4,,,100,155.5,159.0,127.5,11,20,54
Lionel James,SDG,WR,25,12,11,0,0,0,0,0,27,102,3.78,2,41,593,14.46,3,6,,6,,,100,140.5,149.5,120.0,11,22,55
Roy Green,STL,WR,30,12,12,0,0,0,0,0,2,34,17.00,0,43,731,17.00,4,1,,4,,,100,142.5,146.0,121.0,11,21,56
Rodney Holman,CIN,TE,27,12,12,0,0,0,0,0,0,0,,0,28,438,15.64,2,0,,2,,,56,83.8,86.8,69.8,11,9,57
Kelvin Bryant,WAS,RB,27,11,1,0,1,0,0,0,77,406,5.27,1,43,490,11.40,5,4,,6,,,122,164.6,172.6,143.1,9,16,58
John Tice,NOR,TE,27,12,8,0,0,0,0,0,0,0,,0,16,181,11.31,6,0,,6,,,54,70.1,73.1,62.1,9,10,59
,,,,,,,,,,,,,,,,,,,,,,,,,,,,,,
Rueben Mayes*,NOR,RB,24,12,12,0,0,0,0,0,243,917,3.77,5,15,68,4.53,0,8,,5,,,121,135.5,142.5,128.0,8,17,60
Earl Ferrell,STL,FB,29,11,11,0,0,0,0,0,113,512,4.53,7,23,262,11.39,0,0,,7,,,119,142.4,148.4,130.9,7,18,61
Brian Brennan,CLE,WR,25,13,1,0,0,0,0,0,0,0,,0,43,607,14.12,6,1,,6,,,96,138.7,142.2,117.2,7,23,62
Henry Ellard,RAM,WR,26,12,12,0,0,0,0,0,1,4,4.00,0,51,799,15.67,3,3,,3,,,95,146.3,150.8,120.8,7,24,63
Sammy Winder,DEN,RB,28,12,10,0,0,0,0,0,196,741,3.78,6,14,74,5.29,1,5,,7,,,119,132.5,138.0,125.5,6,19,64
Ronnie Harmon,BUF,RB,23,12,10,0,0,0,0,0,116,485,4.18,2,56,477,8.52,2,2,,4,,,118,174.2,181.2,146.2,6,20,65
Stephone Paige,KAN,WR,26,12,11,0,0,0,0,0,0,0,,0,43,707,16.44,4,0,,4,,,95,137.7,140.7,116.2,6,25,66
Gerald Riggs*,ATL,RB,27,12,12,0,0,0,0,0,203,875,4.31,2,25,199,7.96,0,4,,2,,,115,140.4,148.4,127.9,3,22,67
Larry Kinnebrew,CIN,FB,28,11,8,0,0,0,0,0,145,570,3.93,8,9,114,12.67,0,1,,8,,,115,124.4,130.9,119.9,3,21,68
John Williams,SEA,FB,23,12,10,0,0,0,0,0,113,500,4.42,1,38,420,11.05,3,2,,4,,,114,152.0,159.0,133.0,2,23,69
Art Monk,WAS,WR,30,9,9,0,0,0,0,0,6,63,10.50,0,38,483,12.71,6,0,,6,,,91,128.6,131.6,109.6,2,26,70
Floyd Dixon,ATL,WR,23,12,12,0,0,0,0,0,3,-3,-1.00,0,36,600,16.67,5,0,,5,,,90,125.7,128.7,107.7,1,27,71
Mike Renfro,DAL,WR,32,14,11,0,0,0,0,0,0,0,,0,46,662,14.39,4,1,,4,,,89,135.2,138.7,112.2,1,28,72
John Frank,SFO,TE,25,12,5,0,0,0,0,0,1,2,2.00,0,26,296,11.38,3,2,,3,,,46,71.8,75.8,58.8,1,11,73
Ken O'Brien,NYJ,QB,27,12,12,234,393,2696,13,8,30,61,2.03,0,0,0,,0,8,,0,,,142,141.9,156.9,149.9,,12,74
Phil Simms,NYG,QB,32,9,9,163,282,2230,17,9,14,44,3.14,0,0,0,,0,4,,0,,,140,139.6,153.6,148.6,,13,75
Bobby Hebert,NOR,QB,27,12,12,164,294,2119,15,9,13,95,7.31,0,0,0,,0,4,,0,,,132,132.3,146.3,141.3,,14,76
Jay Schroeder,WAS,QB,26,11,10,129,267,1878,12,10,26,120,4.62,3,0,0,,0,5,,3,,,128,128.1,146.6,138.1,,15,77
Marc Wilson,RAI,QB,30,15,7,152,266,2070,12,8,17,91,5.35,0,0,0,,0,1,,0,,,123,122.9,134.4,130.9,,16,78
Bill Kenney,KAN,QB,32,11,8,154,273,2107,15,9,12,-2,-0.17,0,0,0,,0,8,,0,,,118,118.1,134.1,127.1,,17,
Danny White,DAL,QB,35,11,9,215,362,2617,12,17,10,14,1.40,1,0,0,,0,9,,1,,,117,117.1,141.6,134.1,,18,
Jim McMahon,CHI,QB,28,7,6,125,210,1639,12,8,22,88,4.00,2,0,0,,0,2,,2,,,116,116.4,128.4,124.4,,19,
Dan Fouts,SDG,QB,36,11,10,206,364,2517,10,15,12,0,0.00,2,0,0,,0,10,,2,,,113,112.7,135.7,127.7,,20,
Tony Collins,NWE,RB,28,13,11,0,0,0,0,0,147,474,3.22,3,44,347,7.89,3,6,,6,,,112,156.1,165.1,134.1,,25,
Anthony Toney,PHI,FB,25,11,11,0,1,0,0,0,127,473,3.72,5,39,341,8.74,1,5,,6,,,112,151.4,159.9,131.9,,24,
Steve DeBerg,TAM,QB,33,12,8,159,275,1891,14,7,8,-8,-1.00,0,0,0,,0,7,,0,,,110,109.8,123.3,116.8,,21,
Jim Everett,RAM,QB,24,11,11,162,302,2064,10,13,18,83,4.61,1,0,0,,0,2,,1,,,109,108.9,125.9,121.9,,22,
Chuck Long,DET,QB,24,12,12,232,416,2598,11,20,22,64,2.91,0,0,0,,0,8,,0,,,106,106.3,133.3,126.3,,23,
Scott Campbell,ATL,QB,25,12,9,136,260,1728,11,14,21,102,4.86,2,0,0,,0,4,,2,,,103,103.3,125.3,117.3,,24,
Bo Jackson,RAI,RB,25,7,5,0,0,0,0,0,81,554,6.84,4,16,136,8.50,2,2,,6,,,103,119.0,126.0,111.0,,26,
,,,,,,,,,,,,,,,,,,,,,,,,,,,,,,
Gary Anderson,SDG,RB,26,12,7,0,0,0,0,0,80,260,3.25,3,47,503,10.70,2,4,,5,,,102,149.3,157.3,125.8,,27,
Walter Payton,CHI,RB,34,12,12,0,1,0,0,1,146,533,3.65,4,33,217,6.58,1,5,,5,,,98,131.0,140.5,115.5,,28,
George Rogers,WAS,RB,29,11,9,0,0,0,0,0,163,613,3.76,6,4,23,5.75,0,2,,6,,,98,101.6,105.6,99.6,,29,
Christian Okoye,KAN,FB,26,12,12,0,0,0,0,0,157,660,4.20,3,24,169,7.04,0,5,,3,,,96,119.9,128.4,107.9,,30,
Joe Morris,NYG,RB,27,11,10,0,0,0,0,0,193,658,3.41,3,11,114,10.36,0,2,,3,,,93,104.2,111.2,98.7,,31,
Gerald Carter,TAM,WR,30,12,12,0,0,0,0,0,0,0,,0,38,586,15.42,5,0,,5,,,89,126.6,129.6,107.6,,29,
Lionel Manuel,NYG,WR,25,12,12,0,0,0,0,0,1,-10,-10.00,0,30,545,18.17,6,1,,6,,,89,118.5,122.0,103.5,,30,
Steve Young,SFO,QB,26,8,3,37,69,570,10,0,26,190,7.31,1,0,0,,0,0,,1,,,88,87.8,93.8,87.8,,25,
Bill Brooks,IND,WR,23,12,12,0,0,0,0,0,2,-2,-1.00,0,51,722,14.16,3,3,,3,,,87,138.0,142.5,112.5,,31,
Darrin Nelson,MIN,RB,28,10,9,0,0,0,0,0,131,642,4.90,2,26,129,4.96,0,2,,2,,,87,113.1,120.1,100.1,,32,
Mark Malone,PIT,QB,29,12,12,156,336,1896,6,19,34,162,4.76,3,0,0,,0,10,,3,,,86,86.0,116.0,105.0,,26,
Stanley Morgan*,NWE,WR,32,10,9,0,0,0,0,0,0,0,,0,40,672,16.80,3,0,,3,,,85,125.2,128.2,105.2,,32,
James Wilder,TAM,FB,29,12,12,0,0,0,0,0,106,488,4.60,0,40,328,8.20,1,3,,1,,,85,124.6,132.1,104.6,,33,
Freeman McNeil,NYJ,RB,28,9,8,0,0,0,0,0,121,530,4.38,0,24,262,10.92,1,1,,1,,,84,108.2,114.7,96.2,,34,
Walter Stanley,GNB,WR,25,12,12,0,0,0,0,0,4,38,9.50,0,38,672,17.68,3,5,,3,,,84,122.0,127.5,103.0,,33,
Doug Williams,WAS,QB,32,5,2,81,143,1156,11,5,7,9,1.29,1,0,0,,0,3,,1,,,84,84.1,93.6,89.1,,27,
Tom Rathman,SFO,FB,25,12,7,0,0,0,0,0,62,257,4.15,1,30,329,10.97,3,1,,4,,,82,111.6,118.1,96.6,,35,
Keith Byars,PHI,RB,24,10,8,0,0,0,0,0,116,426,3.67,3,21,177,8.43,1,3,,4,,,81,102.3,109.8,91.8,,36,
Kelvin Edwards,DAL,WR,23,13,9,0,0,0,0,0,2,61,30.50,1,34,521,15.32,3,1,,4,,,81,115.2,118.7,98.2,,34,
Ricky Sanders,WAS,WR,27,12,5,0,0,0,0,0,1,-4,-4.00,0,37,630,17.03,3,0,,3,,,81,117.6,120.6,99.1,,35,
Irving Fryar,NWE,WR,25,12,12,0,0,0,0,0,9,52,5.78,0,31,467,15.06,5,2,,5,,,80,110.9,114.9,95.4,,36,
Matt Bouza,IND,WR,28,12,12,0,0,0,0,0,0,0,,0,42,569,13.55,4,2,,4,,,79,120.9,124.9,99.9,,37,
Earnest Jackson,PIT,FB,28,12,9,0,0,0,0,0,180,696,3.87,1,7,52,7.43,0,2,,1,,,79,85.8,89.8,82.3,,38,
Robb Riddick,BUF,RB,30,6,1,1,1,35,0,0,59,221,3.75,5,15,96,6.40,3,2,,8,,,79,94.1,98.1,86.6,,37,
Steve Grogan,NWE,QB,34,7,6,93,161,1183,10,9,20,37,1.85,2,0,0,,0,8,,2,,,77,77.0,93.0,86.0,,28,
Stanford Jennings,CIN,RB,25,12,5,0,0,0,0,0,70,314,4.49,1,35,277,7.91,2,0,,3,,,77,112.1,118.1,94.6,,39,
Eddie Brown,CIN,WR,25,12,12,0,0,0,0,0,1,0,0.00,0,44,608,13.82,3,3,,3,,,76,119.8,124.3,97.8,,38,
Ray Butler,SEA,WR,31,12,3,0,0,0,0,0,0,0,,0,33,465,14.09,5,1,,5,,,76,108.5,112.0,92.0,,39,
Frank Pollard,PIT,FB,30,12,7,0,0,0,0,0,128,536,4.19,3,14,77,5.50,0,3,,3,,,76,90.3,94.8,83.3,,40,
Walter Abercrombie,PIT,RB,28,12,12,0,0,0,0,0,123,459,3.73,2,24,209,8.71,0,4,,2,,,75,98.8,106.8,86.8,,41,
,,,,,,,,,,,,,,,,,,,,,,,,,,,,,,
D.J. Dozier,MIN,RB,22,9,3,0,0,0,0,0,69,257,3.72,5,12,89,7.42,2,2,,7,,,75,86.6,90.6,80.6,,42,
Mike Wilson,SFO,WR,29,11,8,0,0,0,0,0,0,0,,0,29,450,15.52,5,0,,5,,,75,104.0,107.0,89.5,,40,
James Brooks,CIN,RB,29,9,7,0,0,0,0,0,94,290,3.09,1,22,272,12.36,2,0,,3,,,74,96.2,102.2,85.2,,43,
Ricky Nattiel,DEN,WR,21,12,3,0,0,0,0,0,2,13,6.50,0,31,630,20.32,2,2,,2,,,74,105.3,109.3,89.8,,41,
Wes Chandler,SDG,WR,31,12,11,0,0,0,0,0,0,0,,0,39,617,15.82,2,1,,2,,,73,111.7,115.2,92.2,,42,
Jeff Smith,TAM,RB,25,12,8,0,0,0,0,0,100,309,3.09,2,20,197,9.85,2,2,,4,,,73,92.6,99.6,82.6,,44,
Tony Dorsett,DAL,RB,33,12,6,0,0,0,0,0,130,456,3.51,1,19,177,9.32,1,3,,2,,,72,91.3,98.8,81.8,,45,
Herman Heard,KAN,RB,26,12,6,0,0,0,0,0,82,466,5.68,3,14,118,8.43,0,5,,3,,,71,85.4,93.9,78.4,,46,
Gary Hogeboom,IND,QB,29,6,6,99,168,1145,9,5,3,3,1.00,0,0,0,,0,1,,0,,,71,71.1,79.6,76.1,,29,
Ron Brown,RAM,WR,26,12,11,0,0,0,0,0,2,22,11.00,0,26,521,20.04,2,2,,3,,,70,96.3,100.3,83.3,,43,
Garry James,DET,RB,24,8,7,0,0,0,0,0,82,270,3.29,4,16,215,13.44,0,3,,4,,,70,85.5,93.0,77.5,,47,
Aubrey Matthews,ATL,WR,25,12,6,0,0,0,0,0,1,-4,-4.00,0,32,537,16.78,3,2,,3,,,69,101.3,105.3,85.3,,44,
Kenneth Davis,GNB,RB,25,10,8,0,0,0,0,0,109,413,3.79,3,14,110,7.86,0,2,,3,,,68,82.3,89.3,75.3,,48,
Kenny Jackson,PHI,WR,25,12,12,0,0,0,0,0,6,27,4.50,0,21,471,22.43,3,1,,3,,,67,87.8,91.3,77.3,,45,
Gene Lang,DEN,FB,25,12,8,0,1,0,0,0,89,303,3.40,2,17,130,7.65,2,0,,4,,,67,84.3,90.3,75.8,,49,
Jack Trudeau,IND,QB,25,10,8,128,229,1587,6,6,15,7,0.47,0,0,0,,0,10,,0,,,66,66.2,80.2,72.2,,31,
Randy Wright,GNB,QB,26,9,7,132,247,1507,6,11,13,70,5.38,0,0,0,,0,3,,0,,,66,66.3,81.8,77.3,,30,
Phil Epps,GNB,WR,29,10,9,0,0,0,0,0,1,0,0.00,0,34,516,15.18,2,1,,2,,,63,96.6,100.1,79.6,,48,
Timmy Newsome,DAL,FB,29,11,8,0,0,0,0,0,25,121,4.84,2,34,274,8.06,2,1,,4,,,63,96.5,103.0,79.5,,50,
John Stallworth,PIT,WR,35,12,11,0,0,0,0,0,0,0,,0,41,521,12.71,2,1,,2,,,63,104.1,107.6,83.6,,46,
Dokie Williams,RAI,WR,27,11,5,0,0,0,0,0,0,0,,0,21,330,15.71,5,0,,5,,,63,84.0,87.0,73.5,,47,
Mark Carrier,TAM,WR,22,10,5,0,0,0,0,0,0,0,,0,26,423,16.27,3,0,,3,,,60,86.3,89.3,73.3,,49,
Mike Jones,NOR,WR,27,12,7,0,0,0,0,0,0,0,,0,27,420,15.56,3,1,,3,,,59,86.0,89.5,72.5,,50,
Frankie Neal,GNB,WR,22,12,3,0,1,0,0,0,1,0,0.00,0,36,420,11.67,3,1,,3,,,59,95.0,98.5,77.0,,51,
Dwight Clark,SFO,WR,30,13,3,0,0,0,0,0,0,0,,0,24,290,12.08,5,1,,5,,,58,82.0,85.5,70.0,,52,
Vince Evans,RAI,QB,32,3,3,39,83,630,5,4,11,144,13.09,1,0,0,,0,0,,1,,,58,57.6,67.6,61.6,,32,
Brent Fullwood,GNB,FB,24,11,1,0,0,0,0,0,84,274,3.26,5,2,11,5.50,0,2,,5,,,57,58.5,62.5,57.5,,51,
Cedric Jones,NWE,WR,27,12,4,0,1,0,0,0,0,0,,0,25,388,15.52,3,0,,3,,,57,81.8,84.8,69.3,,54,
Don Majkowski,GNB,QB,23,7,5,55,127,875,5,3,15,127,8.47,0,0,0,,0,5,,0,,,57,56.7,68.2,59.7,,34,
James Pruitt,MIA,WR,23,12,1,0,0,0,0,0,0,0,,0,26,404,15.54,3,1,,3,,,57,83.4,86.9,70.4,,53,
,,,,,,,,,,,,,,,,,,,,,,,,,,,,,,
Tom Ramsey,NWE,QB,26,9,3,71,134,898,6,6,13,75,5.77,1,0,0,,0,4,,1,,,57,57.4,68.4,63.4,,33,
George Adams,NYG,FB,25,12,7,0,0,0,0,0,61,169,2.77,1,35,298,8.51,1,3,,2,,,56,90.7,98.2,73.2,,53,
Mark Jackson,DEN,WR,24,12,11,0,0,0,0,0,0,0,,0,26,436,16.77,2,0,,2,,,56,81.6,84.6,68.6,,56,
James Jones,DET,FB,26,11,11,0,1,0,0,1,96,342,3.56,0,34,262,7.71,0,2,,0,,,56,90.4,98.4,74.4,,52,
Mike Martin,CIN,WR,27,12,0,0,0,0,0,0,0,0,,0,20,394,19.70,3,1,,3,,,56,76.4,79.9,66.4,,55,
Paul Ott Carruth,GNB,FB,26,12,5,1,1,3,1,0,64,192,3.00,3,10,78,7.80,1,0,,4,,,55,65.1,68.1,60.1,,54,
Leo Lewis,MIN,WR,31,12,12,0,0,0,0,0,5,-7,-1.40,0,24,383,15.96,2,1,,3,,,55,78.6,82.1,66.6,,57,
Vinny Testaverde,TAM,QB,24,6,4,71,165,1081,5,6,13,50,3.85,1,0,0,,0,7,,1,,,55,55.2,67.7,61.2,,35,
Curtis Duncan,HOU,WR,22,10,0,0,0,0,0,0,0,0,,0,13,237,18.23,5,0,,5,,,54,66.7,69.7,60.2,,58,
Steve Pelluer,DAL,QB,25,12,4,55,101,642,3,2,25,142,5.68,1,0,0,,0,0,,1,,,54,53.9,61.9,55.9,,37,
Mike Tomczak,CHI,QB,25,12,6,97,178,1220,5,10,18,54,3.00,1,0,0,,0,6,,1,,,54,54.2,70.2,64.2,,36,
Lorenzo Hampton,MIA,RB,25,12,7,0,0,0,0,0,75,289,3.85,1,23,223,9.70,0,4,,1,,,53,76.2,84.2,64.7,,55,
Dennis McKinnon,CHI,WR,26,12,0,0,0,0,0,0,0,0,,0,27,406,15.04,1,6,,3,,,53,79.6,85.6,66.1,,59,
Anthony Allen,WAS,WR,28,3,3,0,0,0,0,0,0,0,,0,13,337,25.92,3,0,,3,,,52,64.7,67.7,58.2,,61,
Bruce Hill,TAM,WR,23,8,1,0,0,0,0,0,3,3,1.00,0,23,403,17.52,2,1,,2,,,52,74.6,78.1,63.1,,62,
Walter Murray,IND,WR,25,14,3,0,0,0,0,0,0,0,,0,20,339,16.95,3,0,,3,,,52,71.9,74.9,61.9,,60,
Daryl Turner,SEA,WR,26,12,8,0,0,0,0,0,0,0,,0,14,153,10.93,6,0,,6,,,51,65.3,68.3,58.3,,63,
Alfred Anderson,MIN,FB,26,10,10,0,0,0,0,0,68,319,4.69,2,7,69,9.86,0,1,,2,,,50,56.8,60.3,53.3,,56,
Stacey Bailey,ATL,WR,27,7,6,0,0,0,0,0,0,0,,0,20,325,16.25,3,1,,3,,,50,69.5,73.0,59.5,,65,
James Brim,MIN,WR,24,3,3,0,0,0,0,0,2,36,18.00,1,18,282,15.67,2,0,,3,,,50,67.8,70.8,58.8,,64,
Cris Collinsworth,CIN,WR,28,8,6,0,0,0,0,0,0,0,,0,31,494,15.94,0,0,,0,,,49,80.4,83.4,64.9,,66,
Joe Cribbs,SFO,RB,29,11,3,0,0,0,0,0,70,300,4.29,1,9,70,7.78,0,1,,2,,,48,57.0,60.5,52.5,,59,
Ron Davenport,MIA,RB,25,10,1,0,0,0,0,0,32,114,3.56,1,27,249,9.22,1,0,,2,,,48,75.3,81.3,61.8,,58,
Reggie Dupard,NWE,RB,24,8,3,0,0,0,0,0,94,318,3.38,3,3,1,0.33,0,2,,3,,,48,50.9,54.9,49.4,,60,
Gary Ellerson,DET,RB,24,8,2,0,0,0,0,0,47,196,4.17,3,5,48,9.60,1,0,,4,,,48,53.4,56.4,50.9,,57,
Rick Massie,DEN,WR,27,9,3,0,0,0,0,0,0,0,,0,13,244,18.77,4,0,,4,,,48,61.4,64.4,54.9,,67,
John Fourcade,NOR,QB,27,3,3,48,89,597,4,3,19,134,7.05,0,0,0,,0,1,,0,,,46,46.3,55.8,49.3,,38,
Derrick McAdoo,STL,RB,22,15,2,0,0,0,0,0,53,230,4.34,3,2,12,6.00,0,2,,4,,,46,48.2,52.2,47.2,,61,
Tim McGee,CIN,WR,23,11,6,0,0,0,0,0,1,-10,-10.00,0,23,408,17.74,1,0,,1,,,46,68.8,71.8,57.3,,69,
Steve Sewell,DEN,RB,24,7,0,0,0,0,0,0,19,83,4.37,2,13,209,16.08,1,1,,3,,,46,59.2,62.7,52.7,,62,
,,,,,,,,,,,,,,,,,,,,,,,,,,,,,,
Stephen Starring,NWE,WR,26,11,1,0,0,0,0,0,2,13,6.50,0,17,289,17.00,3,2,,3,,,46,63.2,67.2,54.7,,68,
Kyle Mackey,MIA,QB,25,3,3,57,109,604,3,5,17,98,5.76,2,0,0,,0,3,,2,,,45,45.0,54.5,50.0,,39,
John Spagnola,PHI,TE,30,12,12,0,0,0,0,0,0,0,,0,36,350,9.72,2,2,,2,,,45,81.0,85.0,63.0,,12,
Lionel Vital,WAS,RB,24,3,3,0,0,0,0,0,80,346,4.33,2,1,13,13.00,0,3,,2,,,45,45.9,50.4,45.4,,63,
Troy Johnson,STL,WR,25,14,2,0,0,0,0,0,1,9,9.00,0,15,308,20.53,2,0,,2,,,44,58.7,61.7,51.2,,71,
Ron Morris,CHI,WR,23,12,12,0,0,0,0,0,0,0,,0,20,379,18.95,1,0,,1,,,44,63.9,66.9,53.9,,70,
Jamie Mueller,BUF,FB,23,12,6,0,0,0,0,0,82,354,4.32,2,3,13,4.33,0,5,,2,,,44,46.7,52.2,45.2,,65,
Allen Rice,MIN,RB,25,12,2,0,0,0,0,0,51,131,2.57,1,19,201,10.58,1,1,,2,,,44,63.2,69.7,53.7,,64,
Curtis Adams,SDG,RB,25,12,4,0,0,0,0,0,90,343,3.81,1,4,38,9.50,0,1,,1,,,43,47.1,50.6,45.1,,66,
Lonzell Hill,NOR,WR,22,10,1,0,0,0,0,0,1,-9,-9.00,0,19,322,16.95,2,0,,2,,,43,62.3,65.3,52.8,,72,
Mike Guman,RAM,FB,29,12,8,0,0,0,0,0,36,98,2.72,1,22,263,11.95,0,0,,1,,,42,64.1,67.1,53.1,,67,
Tommy Kramer,MIN,QB,32,6,5,40,81,452,4,3,10,44,4.40,2,0,0,,0,2,,2,,,42,42.5,49.5,45.5,,40,
Jay Novacek,STL,TE,25,7,4,0,0,0,0,0,0,0,,0,20,254,12.70,3,1,,3,,,42,62.4,65.9,52.4,,13,
Mosi Tatupu,NWE,FB,32,12,9,1,1,15,1,0,79,248,3.14,0,15,136,9.07,0,1,,0,,,42,57.0,63.5,49.5,,68,
Stephen Baker,NYG,WR,23,12,5,0,0,0,0,0,1,18,18.00,0,15,277,18.47,2,1,,2,,,41,55.5,59.0,48.0,,74,
Jeff Chadwick,DET,WR,27,8,8,0,0,0,0,0,1,-6,-6.00,0,30,416,13.87,0,0,,0,,,41,71.0,74.0,56.0,,73,
Clarence Kay,DEN,TE,26,12,12,0,0,0,0,0,0,0,,0,31,440,14.19,0,3,,0,,,41,72.0,76.5,56.5,,14,
Hoby Brenner*,NOR,TE,28,12,10,0,0,0,0,0,0,0,,0,20,280,14.00,2,0,,2,,,40,60.0,63.0,50.0,,16,
Bruce Hardy,MIA,TE,31,12,12,0,0,0,0,0,0,0,,0,28,292,10.43,2,1,,2,,,40,68.2,71.7,54.2,,15,
Roger Vick,NYJ,FB,23,12,10,0,0,0,0,0,77,257,3.34,1,13,108,8.31,0,3,,1,,,40,52.5,60.0,46.0,,69,
Jessie Clark,GNB,FB,27,12,10,0,0,0,0,0,56,211,3.77,0,22,119,5.41,1,0,,1,,,39,61.0,67.0,50.0,,70,
Jonathan Hayes,KAN,TE,25,12,7,0,0,0,0,0,0,0,,0,21,272,12.95,2,0,,2,,,39,60.2,63.2,49.7,,17,
Glen Kozlowski,CHI,WR,25,3,3,0,0,0,0,0,0,0,,0,15,199,13.27,3,0,,3,,,38,52.9,55.9,45.4,,76,
Ozzie Newsome,CLE,TE,31,13,13,0,0,0,0,0,0,0,,0,34,375,11.03,0,0,,0,,,38,71.5,74.5,54.5,,18,
Brent Pease,HOU,QB,23,7,3,56,113,728,3,5,15,33,2.20,1,0,0,,0,2,,1,,,38,38.4,47.4,43.4,,41,
Ronald Scott,MIA,RB,24,3,2,0,0,0,0,0,47,199,4.23,3,2,7,3.50,0,1,,3,,,38,39.6,43.1,38.6,,71,
Kurt Sohn,NYJ,WR,30,12,4,0,0,0,0,0,0,0,,0,23,261,11.35,2,0,,2,,,38,61.1,64.1,49.6,,75,
Karl Bernard,DET,RB,23,8,3,0,0,0,0,0,45,187,4.16,2,13,91,7.00,0,3,,2,,,37,49.8,54.3,43.3,,74,
Steve Bono,PIT,QB,25,3,3,34,74,438,5,2,8,27,3.38,1,1,2,2.00,0,5,,1,,,37,38.4,45.9,39.9,,42,
Rodney Carter,PIT,RB,23,11,2,0,0,0,0,0,5,12,2.40,0,16,180,11.25,3,0,,3,,,37,53.2,56.2,45.2,,73,
,,,,,,,,,,,,,,,,,,,,,,,,,,,,,,
Larry Mason,CLE,RB,26,3,3,0,0,0,0,0,56,207,3.70,2,5,26,5.20,1,4,,3,,,37,42.3,47.3,39.8,,72,
Alan Risher,GNB,QB,26,3,3,44,74,564,3,3,11,64,5.82,1,0,0,,0,4,,1,,,37,37.0,45.0,40.0,,44,
Ed Rubbert,WAS,QB,23,3,3,26,49,532,4,1,9,31,3.44,0,0,0,,0,1,,0,,,37,37.4,41.9,38.4,,43,
Weegie Thompson,PIT,WR,26,12,3,0,0,0,0,0,0,0,,0,17,313,18.41,1,0,,1,,,37,54.3,57.3,45.8,,77,
Bobby Micho,DEN,TE,25,15,3,0,0,0,0,0,4,8,2.00,0,25,242,9.68,2,1,,2,,,36,61.0,64.5,48.5,,19,
Jeff Rutledge,NYG,QB,30,13,4,79,155,1048,5,11,15,31,2.07,0,0,0,,0,7,,0,,,36,36.0,53.5,47.0,,45,
Steve Dils,RAM,QB,32,15,4,56,114,646,5,4,7,-4,-0.57,0,0,0,,0,2,,0,,,35,35.4,43.4,39.4,,46,
Michael Harper,NYJ,WR,26,3,2,0,0,0,0,0,0,0,,0,18,225,12.50,1,0,,2,,,35,52.5,55.5,43.5,,79,
Todd Hons,DET,QB,26,3,3,43,92,552,5,5,5,49,9.80,0,0,0,,0,2,,0,,,35,35.0,44.0,40.0,,48,
Ken Karcher,DEN,QB,24,3,3,56,102,628,5,4,9,3,0.33,0,0,0,,0,2,,0,,,35,35.4,43.4,39.4,,47,
Reggie Langhorne,CLE,WR,24,12,12,0,0,0,0,0,0,0,,0,20,288,14.40,1,0,,1,,,35,54.8,57.8,44.8,,78,
Dwight Beverly,NOR,RB,26,3,3,0,0,0,0,0,62,217,3.50,2,1,8,8.00,0,1,,2,,,34,34.5,38.0,34.0,,77,
Gregg Garrity,PHI,WR,27,12,0,0,0,0,0,0,0,0,,0,12,242,20.17,2,2,,2,,,34,46.2,50.2,40.2,,81,
Ron Heller,SFO,TE,24,13,6,0,0,0,0,0,0,0,,0,12,165,13.75,3,1,,3,,,34,45.5,49.0,39.5,,22,
Andrew Jackson,HOU,RB,23,7,3,0,0,0,0,0,60,232,3.87,1,10,44,4.40,0,0,,1,,,34,43.6,46.6,38.6,,76,
Eric Kattus,CIN,TE,24,11,0,0,0,0,0,0,0,0,,0,18,217,12.06,2,0,,2,,,34,51.7,54.7,42.7,,21,
Perry Kemp,CLE,WR,26,3,3,0,0,0,0,0,0,0,,0,12,224,18.67,2,0,,2,,,34,46.4,49.4,40.4,,80,
Tim Spencer,SDG,FB,27,12,7,0,0,0,0,0,73,228,3.12,0,17,123,7.24,0,1,,0,,,34,51.1,57.6,42.6,,75,
Jamie Williams,HOU,TE,27,12,12,0,0,0,0,0,0,0,,0,13,158,12.15,3,0,,3,,,34,46.8,49.8,40.3,,20,
Eddie Hunter,2TM,RB,22,6,3,0,0,0,0,0,56,210,3.75,0,7,28,4.00,2,3,,2,,,33,39.8,44.3,36.3,,78,
Jeff Kemp,SEA,QB,28,13,1,23,33,396,5,1,5,9,1.80,0,0,0,,0,2,,0,,,33,32.7,37.7,33.7,,49,
Carl Aikens,RAI,WR,25,3,3,0,0,0,0,0,1,1,1.00,0,8,134,16.75,3,0,,3,,,32,39.5,42.5,35.5,,83,
Rick Fenney,MIN,FB,23,11,0,0,0,0,0,0,42,174,4.14,2,7,27,3.86,0,0,,2,,,32,39.1,42.1,35.6,,79,
Dennis Gentry,CHI,WR,28,12,0,0,0,0,0,0,6,41,6.83,0,17,183,10.76,1,2,,2,,,32,49.4,53.4,40.9,,82,
Damone Johnson,RAM,TE,25,12,5,0,0,0,0,0,0,0,,0,21,198,9.43,2,0,,2,,,32,52.8,55.8,42.3,,25,
Emery Moorehead,CHI,TE,33,12,12,0,0,0,0,0,0,0,,0,24,269,11.21,1,1,,1,,,32,55.9,59.4,43.9,,24,
Ed West,GNB,TE,26,12,11,0,0,0,0,0,0,0,,0,19,261,13.74,1,0,,1,,,32,51.1,54.1,41.6,,23,
Cap Boso,CHI,TE,24,12,0,0,0,0,0,0,0,0,,0,17,188,11.06,2,0,,2,,,31,47.8,50.8,39.3,,26,
Tony Galbreath,NYG,RB,33,12,0,0,0,0,0,0,10,74,7.40,0,26,248,9.54,0,1,,0,,,31,57.2,60.7,44.2,,81,
Mike Hohensee,CHI,QB,26,2,2,28,52,343,4,1,9,56,6.22,0,0,0,,0,2,,0,,,31,31.3,36.3,32.3,,50,
,,,,,,,,,,,,,,,,,,,,,,,,,,,,,,
Trumaine Johnson,BUF,WR,27,12,0,0,0,0,0,0,0,0,,0,15,186,12.40,2,0,,2,,,31,45.6,48.6,38.1,,88,
Hassan Jones,MIN,WR,23,12,0,0,0,0,0,0,0,0,,0,7,189,27.00,2,0,,2,,,31,37.9,40.9,34.4,,85,
Lee Morris,GNB,WR,23,5,3,0,0,0,0,0,2,2,1.00,0,16,259,16.19,1,1,,1,,,31,47.1,50.6,39.1,,84,
Lee Rouson,NYG,RB,25,12,2,0,0,0,0,0,41,155,3.78,0,11,129,11.73,1,3,,1,,,31,42.4,49.9,36.9,,80,
Pat Ryan,NYJ,QB,32,13,1,32,53,314,4,2,4,5,1.25,1,0,0,,0,0,,1,,,31,31.1,36.1,33.1,,51,
Jimmy Teal,SEA,WR,25,4,2,0,0,0,0,0,0,0,,0,14,198,14.14,2,1,,2,,,31,44.8,48.3,37.8,,86,
Al Williams,SDG,WR,26,3,3,0,0,0,0,0,1,11,11.00,0,12,247,20.58,1,1,,1,,,31,42.8,46.3,36.8,,87,
Greg Baty,2TM,TE,23,9,0,0,0,0,0,0,0,0,,0,18,175,9.72,2,0,,2,,,30,47.5,50.5,38.5,,27,
Alvin Blount,DAL,RB,22,2,2,0,0,0,0,0,46,125,2.72,3,1,5,5.00,0,1,,3,,,30,31.0,34.5,30.5,,82,
Joey Clinkscales,PIT,WR,23,7,3,0,0,0,0,0,0,0,,0,13,240,18.46,1,0,,1,,,30,43.0,46.0,36.5,,89,
Jon Francis,RAM,RB,23,9,0,0,0,0,0,0,35,138,3.94,0,8,38,4.75,2,0,,2,,,30,37.6,40.6,33.6,,85,
Otis Grant,PHI,WR,26,3,3,0,1,0,0,0,1,20,20.00,0,16,280,17.50,0,0,,0,,,30,46.0,49.0,38.0,,90,
Gary Lee,DET,WR,22,12,3,0,0,0,0,0,0,0,,0,19,308,16.21,0,1,,0,,,30,48.8,52.3,39.3,,91,
Vance Mueller,RAI,RB,23,12,0,0,0,0,0,0,37,175,4.73,1,11,95,8.64,0,3,,1,,,30,41.0,45.5,35.5,,83,
Barry Word,NOR,RB,24,12,1,0,0,0,0,0,36,133,3.69,2,6,54,9.00,0,1,,2,,,30,35.7,39.2,32.7,,84,
Chuck Banks,IND,RB,23,3,1,0,0,0,0,0,50,245,4.90,0,9,50,5.56,0,1,,0,,,29,37.5,41.0,33.0,,88,
Milton Barney,ATL,WR,24,3,3,0,0,0,0,0,0,0,,0,10,175,17.50,2,1,,2,,,29,38.5,42.0,33.5,,94,
Chris Brewer,CHI,RB,25,3,1,0,0,0,0,0,24,55,2.29,2,5,56,11.20,1,0,,3,,,29,34.1,34.1,31.6,,86,
Cornell Burbage,DAL,WR,22,3,2,0,0,0,0,0,0,0,,0,7,168,24.00,2,0,,2,,,29,35.8,38.8,32.3,,93,
Craig Ellis,RAI,RB,26,3,1,0,0,0,0,0,33,138,4.18,2,5,39,7.80,0,1,,2,,,29,33.7,37.2,31.2,,87,
Keith Griffin,WAS,RB,26,9,2,0,0,0,0,0,62,242,3.90,0,3,13,4.33,1,3,,1,,,29,31.5,36.0,30.0,,89,
Jim Jensen,MIA,WR,29,12,0,0,0,0,0,0,4,18,4.50,0,26,221,8.50,1,1,,1,,,29,54.9,58.4,41.9,,92,
Erik Kramer,ATL,QB,23,3,2,45,92,559,4,5,2,10,5.00,0,0,0,,0,0,,0,,,29,29.4,37.4,34.4,,52,
Gordon Banks,DAL,WR,29,5,4,0,0,0,0,0,0,0,,0,15,231,15.40,1,1,,1,,,28,43.1,46.6,35.6,,95,
Joe Dudek,DEN,RB,23,2,2,0,0,0,0,0,35,154,4.40,2,7,41,5.86,0,4,,2,,,28,34.5,39.5,31.0,,93,
Tony Eason,NWE,QB,28,4,3,42,79,453,3,2,3,25,8.33,0,0,0,,0,1,,0,,,28,27.6,33.1,29.6,,53,
Bill Johnson,CIN,RB,27,11,4,0,0,0,0,0,39,205,5.26,1,3,19,6.33,0,0,,1,,,28,31.4,34.4,29.9,,90,
Marc Logan,CIN,RB,22,3,3,0,0,0,0,0,37,203,5.49,1,3,14,4.67,0,0,,1,,,28,30.7,33.7,29.2,,92,
Orson Mobley,DEN,TE,24,10,4,0,0,0,0,0,0,0,,0,16,228,14.25,1,1,,1,,,28,43.8,47.3,35.8,,29,
Paul Palmer,KAN,RB,23,12,1,0,1,0,0,0,24,155,6.46,0,4,27,6.75,0,2,,2,,,28,32.2,36.2,30.2,,91,
,,,,,,,,,,,,,,,,,,,,,,,,,,,,,,
Derek Tennell,CLE,TE,23,11,2,0,0,0,0,0,0,0,,0,9,102,11.33,3,0,,3,,,28,37.2,40.2,32.7,,28,
Bobby Howard,TAM,RB,23,12,0,0,0,0,0,0,30,100,3.33,1,10,123,12.30,0,1,,1,,,27,37.3,43.8,32.3,,94,
Larry Linne,NWE,WR,25,3,3,0,0,0,0,0,0,0,,0,11,158,14.36,2,1,,2,,,27,37.8,41.3,32.3,,97,
Rick Neuheisel,SDG,QB,26,3,2,40,59,367,1,1,6,41,6.83,1,0,0,,0,1,,1,,,27,26.8,31.3,27.8,,54,
Allen Pinkett,HOU,RB,23,8,0,0,0,0,0,0,31,149,4.81,2,1,7,7.00,0,1,,2,,,27,27.6,31.1,27.1,,96,
Scott Tinsley,PHI,QB,28,3,3,48,86,637,3,4,4,2,0.50,0,0,0,,0,3,,0,,,27,26.7,35.2,30.7,,55,
Clarence Weathers,CLE,WR,25,12,0,0,0,0,0,0,0,0,,0,11,153,13.91,2,0,,2,,,27,38.3,41.3,32.8,,96,
Kevin Willhite,GNB,RB,24,3,3,0,0,0,0,0,53,251,4.74,0,6,37,6.17,0,2,,0,,,27,32.8,36.8,29.8,,95,
Tony Adams,MIN,QB,37,3,3,49,89,607,3,5,11,31,2.82,0,0,0,,0,3,,0,,,26,26.4,35.9,31.4,,57,
Dennis Bligen,NYJ,RB,25,6,2,0,0,0,0,0,31,128,4.13,1,11,81,7.36,0,1,,1,,,26,36.9,40.4,31.4,,100,
Carl Byrum,BUF,FB,24,13,8,0,0,0,0,0,66,280,4.24,0,3,23,7.67,0,4,,0,,,26,29.3,34.3,27.8,,97,
Darrell Grymes,DET,WR,26,2,2,0,0,0,0,0,0,0,,0,9,140,15.56,2,0,,2,,,26,35.0,38.0,30.5,,98,
Alonzo Highsmith,HOU,FB,22,8,3,0,0,0,0,0,29,106,3.66,1,4,55,13.75,1,2,,2,,,26,30.1,34.1,28.1,,98,
Pete Metzelaars,BUF,TE,27,12,12,0,0,0,0,0,0,0,,0,28,290,10.36,0,3,,0,,,26,54.0,58.5,40.0,,30,
Paul Skansi,SEA,WR,26,12,0,0,0,0,0,0,0,0,,0,19,207,10.89,1,1,,1,,,26,44.7,48.2,35.2,,100,
Kevin Sweeney,DAL,QB,24,3,2,14,28,291,4,1,5,8,1.60,0,0,0,,0,0,,0,,,26,26.4,27.4,27.4,,56,
Eric Truvillion,DET,WR,28,3,3,0,0,0,0,0,0,0,,0,12,207,17.25,1,1,,1,,,26,37.7,41.2,31.7,,101,
Odessa Turner,NYG,WR,23,7,2,0,0,0,0,0,0,0,,0,10,195,19.50,1,0,,1,,,26,35.5,38.5,30.5,,102,
Ted Wilson,WAS,WR,23,3,2,0,0,0,0,0,2,28,14.00,1,5,112,22.40,1,0,,2,,,26,31.0,34.0,28.5,,99,
Adrian Wright,TAM,RB,26,3,3,0,0,0,0,0,37,112,3.03,0,13,98,7.54,1,1,,1,,,26,39.0,42.5,32.5,,99,
Gary Danielson,CLE,QB,36,6,1,25,33,281,4,0,1,0,0.00,0,0,0,,0,2,,0,,,25,25.2,26.2,25.2,,58,
Phil Freeman,TAM,WR,25,8,5,0,0,0,0,0,1,1,1.00,0,8,141,17.63,2,1,,2,,,25,33.2,36.7,29.2,,103,
Keith Paskett,GNB,WR,23,12,0,0,0,0,0,0,0,0,,0,12,188,15.67,1,0,,1,,,25,36.8,39.8,30.8,,105,
Ricky Porter,BUF,RB,27,9,0,0,0,0,0,0,47,177,3.77,0,9,70,7.78,0,0,,0,,,25,33.7,36.7,29.2,,101,
Wesley Walker,NYJ,WR,32,5,4,0,0,0,0,0,0,0,,0,9,190,21.11,1,0,,1,,,25,34.0,37.0,29.5,,104,
Pat Beach,IND,TE,28,12,12,0,0,0,0,0,0,0,,0,28,239,8.54,0,0,,0,,,24,51.9,54.9,37.9,,31,
Lewis Bennett,NYG,WR,24,3,3,0,0,0,0,0,0,0,,0,10,184,18.40,1,0,,1,,,24,34.4,37.4,29.4,,106,
Clint Didier,WAS,TE,28,9,6,0,0,0,0,0,0,0,,0,13,178,13.69,1,0,,1,,,24,36.8,39.8,30.3,,33,
Pete Holohan,SDG,TE,28,12,4,0,0,0,0,0,0,0,,0,20,239,11.95,0,0,,0,,,24,43.9,46.9,33.9,,32,
Bruce Mathison,SEA,QB,28,3,2,36,76,501,3,5,5,15,3.00,0,0,0,,0,0,,0,,,24,23.5,31.5,28.5,,59,
,,,,,,,,,,,,,,,,,,,,,,,,,,,,,,
Gerald McNeil*,CLE,WR,25,12,0,0,0,0,0,0,1,17,17.00,0,8,120,15.00,2,2,,2,,,24,31.7,35.7,27.7,,108,
Robert Parker,KAN,RB,24,3,2,0,0,0,0,0,47,150,3.19,1,7,44,6.29,0,1,,1,,,24,31.4,34.9,27.9,,102,
Eric Streater,TAM,WR,23,3,3,0,0,0,0,0,1,5,5.00,0,5,117,23.40,2,0,,2,,,24,29.2,32.2,26.7,,107,
Junior Tautalatasi,PHI,RB,25,12,1,0,0,0,0,0,26,69,2.65,0,25,176,7.04,0,1,,0,,,24,48.5,52.0,36.0,,104,
Butch Woolfolk,DET,RB,27,12,0,0,0,0,0,0,12,82,6.83,0,19,166,8.74,0,1,,0,,,24,42.8,46.3,33.3,,103,
Rod Barksdale,DAL,WR,25,12,1,0,0,0,0,0,0,0,,0,12,165,13.75,1,0,,1,,,23,34.5,37.5,28.5,,111,
Greg Bell,2TM,RB,25,4,3,0,0,0,0,0,22,86,3.91,0,9,96,10.67,1,1,,1,,,23,32.2,32.7,27.7,,105,
Mervyn Fernandez,RAI,WR,28,7,7,0,0,0,0,0,0,0,,0,14,236,16.86,0,1,,0,,,23,36.6,40.1,29.6,,110,
Ron Hall,TAM,TE,23,10,3,0,0,0,0,0,0,0,,0,16,169,10.56,1,0,,1,,,23,38.9,41.9,30.9,,34,
Lakei Heimuli,CHI,RB,22,3,3,0,0,0,0,0,34,128,3.76,0,5,51,10.20,1,1,,1,,,23,27.9,31.4,25.4,,106,
Thomas Sanders,CHI,RB,25,12,0,0,0,0,0,0,23,122,5.30,1,3,53,17.67,0,1,,1,,,23,25.5,29.0,24.0,,107,
Mike Tice,SEA,TE,28,12,12,0,0,0,0,0,0,0,,0,14,106,7.57,2,0,,2,,,23,36.6,39.6,29.6,,35,
Steve Watson,DEN,WR,30,5,1,0,0,0,0,0,0,0,,0,11,167,15.18,1,0,,1,,,23,33.7,36.7,28.2,,109,
Jimmie Giles,2TM,TE,33,12,1,0,0,0,0,0,0,0,,0,13,157,12.08,1,0,,1,,,22,34.7,37.7,28.2,,36,
Rusty Hilger,RAI,QB,25,5,5,55,106,706,2,6,8,8,1.00,0,0,0,,0,3,,0,,,22,22.0,32.5,28.0,,60,
Calvin Sweeney,PIT,WR,32,9,6,0,0,0,0,0,0,0,,0,16,217,13.56,0,0,,0,,,22,37.7,40.7,29.7,,113,
John Tagliaferri,MIA,RB,23,3,1,0,0,0,0,0,13,45,3.46,1,12,117,9.75,0,0,,1,,,22,34.2,37.2,28.2,,108,
Lenny Taylor,ATL,WR,26,3,2,0,0,0,0,0,1,-13,-13.00,0,12,171,14.25,1,0,,1,,,22,33.8,36.8,27.8,,112,
Oliver Williams,HOU,WR,27,3,2,0,0,0,0,0,0,0,,0,11,165,15.00,1,1,,1,,,22,32.5,36.0,27.0,,114,
Ron Wolfley*,STL,RB,25,12,4,0,0,0,0,0,26,87,3.35,1,8,68,8.50,0,0,,1,,,22,29.5,29.5,25.5,,109,
Michael Haddix,PHI,RB,26,12,4,0,0,0,0,0,59,165,2.80,0,7,58,8.29,0,1,,0,,,21,28.3,31.8,24.8,,110,
Michael LeBlanc,NWE,RB,25,4,2,0,0,0,0,0,49,170,3.47,1,2,3,1.50,0,2,,1,,,21,23.3,27.3,22.3,,111,
Edwin Lovelady,NYG,WR,24,3,3,0,0,0,0,0,2,11,5.50,0,10,125,12.50,2,5,,2,,,21,30.6,36.1,25.6,,116,
Curt Pardridge,SEA,WR,23,3,0,0,0,0,0,0,0,0,,0,8,145,18.13,1,0,,1,,,21,28.5,31.5,24.5,,117,
Rob Rubick,DET,TE,27,9,8,0,0,0,0,0,0,0,,0,13,147,11.31,1,0,,1,,,21,33.7,36.7,27.2,,37,
John Settle,ATL,FB,22,9,1,0,0,0,0,0,19,72,3.79,0,11,153,13.91,0,2,,0,,,21,31.5,35.5,26.0,,112,
John Taylor,SFO,WR,25,12,2,0,0,0,0,0,0,0,,0,9,151,16.78,0,0,,1,,,21,30.1,33.1,25.6,,115,
Lyneal Alston,PIT,WR,23,3,1,0,0,0,0,0,0,0,,0,3,84,28.00,2,0,,2,,,20,23.4,23.4,21.9,,118,
Cris Carter,PHI,WR,22,9,0,0,1,0,0,0,0,0,,0,5,84,16.80,2,0,,2,,,20,25.4,25.4,22.9,,119,
Russ Francis,2TM,TE,34,9,7,0,0,0,0,0,0,0,,0,22,202,9.18,0,0,,0,,,20,42.2,45.2,31.2,,38,
,,,,,,,,,,,,,,,,,,,,,,,,,,,,,,
Larry Moriarty,KAN,RB,29,12,4,0,0,0,0,0,30,107,3.57,0,10,37,3.70,1,0,,1,,,20,30.4,33.4,25.4,,113,
Nathan Poole,DEN,FB,31,2,0,0,0,0,0,0,28,126,4.50,1,1,9,9.00,0,0,,1,,,20,20.5,23.5,20.0,,114,
Mike Siano,PHI,WR,24,3,0,0,0,0,0,0,0,0,,0,9,137,15.22,1,0,,1,,,20,28.7,31.7,24.2,,120,
Mike Waters,NOR,TE,25,5,0,0,0,0,0,0,0,0,,0,5,140,28.00,1,0,,1,,,20,25.0,28.0,22.5,,39,
Ken Whisenhunt,ATL,TE,25,7,7,0,0,0,0,0,0,0,,0,17,145,8.53,1,1,,1,,,20,36.5,40.0,28.0,,40,
Mike Busch,NYG,QB,25,2,1,17,47,278,3,2,0,0,,0,0,0,,0,0,,0,,,19,19.1,21.1,21.1,,61,
Bob Perryman,NWE,FB,23,9,1,0,0,0,0,0,41,187,4.56,0,3,13,4.33,0,1,,0,,,19,22.0,25.5,20.5,,115,
Kevin Bowman,PHI,WR,25,3,3,0,0,0,0,0,0,0,,0,6,127,21.17,1,1,,1,,,18,23.7,27.2,20.7,,125,
Marc Brown,BUF,WR,26,3,0,0,0,0,0,0,0,0,,0,9,120,13.33,1,0,,1,,,18,27.0,30.0,22.5,,122,
Nuu Faaola,NYJ,RB,23,12,0,0,0,0,0,0,14,43,3.07,2,1,16,16.00,0,0,,2,,,18,18.9,18.9,18.4,,117,
Leonard Harris,HOU,WR,27,3,3,0,0,0,0,0,1,17,17.00,0,10,164,16.40,0,0,,0,,,18,28.1,31.1,23.1,,121,
Mike Hold,TAM,QB,24,2,0,8,24,123,2,1,7,69,9.86,0,0,0,,0,0,,0,,,18,17.8,18.8,18.8,,63,
Ethan Horton,RAI,TE,25,4,2,0,0,0,0,0,31,95,3.06,0,3,44,14.67,1,2,,1,,,18,20.9,21.9,19.4,,41,
Mike Kelley,SDG,QB,28,3,1,17,29,305,1,0,4,17,4.25,0,0,0,,0,0,,0,,,18,17.9,20.9,17.9,,62,
Frank Middleton,SDG,RB,27,3,1,0,0,0,0,0,28,74,2.64,1,8,43,5.38,0,0,,1,,,18,25.7,25.7,21.7,,118,
James Noble,IND,WR,24,3,2,0,0,0,0,0,0,0,,0,10,78,7.80,2,2,,2,,,18,27.8,28.8,22.8,,123,
Stacy Robinson,NYG,WR,25,5,4,0,0,0,0,0,0,0,,0,6,58,9.67,2,0,,2,,,18,23.8,23.8,20.8,,124,
Dave Wilson,NOR,QB,28,4,0,13,24,243,2,0,0,0,,0,0,0,,0,0,,0,,,18,17.7,17.7,17.7,,64,
Wayne Wilson,WAS,RB,30,2,0,0,0,0,0,0,18,55,3.06,2,2,16,8.00,0,1,,2,,,18,20.1,20.6,19.1,,116,
Rick Badanjek,ATL,RB,25,2,2,0,0,0,0,0,29,87,3.00,1,6,35,5.83,0,1,,1,,,17,23.2,23.7,20.2,,119,
Reggie Brown,PHI,RB,27,3,3,0,0,0,0,0,39,136,3.49,0,8,53,6.63,0,2,,0,,,17,24.9,28.9,20.9,,120,
Terry Greer,SFO,WR,30,3,1,0,0,0,0,0,0,0,,0,6,111,18.50,1,0,,1,,,17,23.1,26.1,20.1,,126,
Merril Hoge,PIT,FB,22,13,0,0,0,0,0,0,3,8,2.67,0,7,97,13.86,1,0,,1,,,17,23.5,23.5,20.0,,124,
Buford Jordan,NOR,FB,25,12,4,0,0,0,0,0,12,36,3.00,2,2,13,6.50,0,0,,2,,,17,18.9,18.9,17.9,,121,
Charles Lockett,PIT,WR,22,11,1,0,0,0,0,0,0,0,,0,7,116,16.57,1,1,,1,,,17,23.6,27.1,20.1,,130,
Phil McConkey,NYG,WR,30,12,0,0,0,0,0,0,0,0,,0,11,186,16.91,0,2,,0,,,17,27.6,31.6,22.1,,131,
Reggie McGowan,NYG,WR,23,3,0,0,0,0,0,0,0,0,,0,4,111,27.75,1,0,,1,,,17,21.1,24.1,19.1,,127,
Stacey Mobley,RAM,WR,22,3,1,0,0,0,0,0,0,0,,0,8,107,13.38,1,0,,1,,,17,24.7,27.7,20.7,,128,
Malcolm Moore,RAM,WR,26,3,1,0,0,0,0,0,0,0,,0,6,107,17.83,1,0,,1,,,17,22.7,25.7,19.7,,129,
Mark Stevens,SFO,QB,25,2,0,2,4,52,1,0,10,45,4.50,1,0,0,,0,0,,1,,,17,16.6,16.6,16.6,,65,
,,,,,,,,,,,,,,,,,,,,,,,,,,,,,,
Harry Sydney,SFO,RB,28,14,0,1,1,50,1,0,29,125,4.31,0,1,3,3.00,0,2,,0,,,17,17.8,21.8,17.3,,123,
George Wonsley,IND,RB,27,11,0,0,0,0,0,0,18,71,3.94,1,5,48,9.60,0,1,,1,,,17,21.9,22.4,19.4,,122,
Jamie Holland,SDG,WR,23,12,0,0,0,0,0,0,1,17,17.00,0,6,138,23.00,0,0,,0,,,16,21.5,24.5,18.5,,133,
Mark Keel,2TM,TE,26,10,5,0,0,0,0,0,0,0,,0,8,97,12.13,1,0,,1,,,16,23.7,23.7,19.7,,42,
Louis Lipps,PIT,WR,25,4,2,0,0,0,0,0,0,0,,0,11,164,14.91,0,0,,0,,,16,27.4,30.4,21.9,,132,
Craig McEwen,WAS,RB,22,4,3,0,0,0,0,0,0,0,,0,12,164,13.67,0,0,,0,,,16,28.4,31.4,22.4,,125,
Alvin Ross,PHI,RB,24,2,0,0,0,0,0,0,14,54,3.86,1,5,41,8.20,0,0,,1,,,16,20.5,20.5,18.0,,128,
Dwight Stone,PIT,RB,23,14,0,0,0,0,0,0,17,135,7.94,0,1,22,22.00,0,0,,0,,,16,16.7,19.7,16.2,,126,
Gerald Willhite,DEN,RB,28,3,1,0,1,0,0,0,26,141,5.42,0,9,25,2.78,0,1,,0,,,16,24.6,28.1,20.1,,127,
Rod Bernstine,SDG,TE,22,10,2,0,0,0,0,0,1,9,9.00,0,10,76,7.60,1,0,,1,,,15,24.5,24.5,19.5,,46,
Tony Boddie,DEN,RB,27,5,0,0,0,0,0,0,3,7,2.33,1,9,85,9.44,0,0,,1,,,15,24.2,24.2,19.7,,129,
Danny Bradley,DET,RB,24,3,1,0,0,0,0,0,0,0,,0,7,50,7.14,2,2,,2,,,15,22.0,23.0,18.5,,131,
Walter Broughton,BUF,WR,25,9,0,0,0,0,0,0,0,0,,0,5,90,18.00,1,0,,1,,,15,20.0,20.0,17.5,,135,
Leland Douglas,MIA,WR,24,3,2,0,0,0,0,0,0,0,,0,9,92,10.22,1,0,,1,,,15,24.2,24.2,19.7,,134,
Willie Drewrey,HOU,WR,24,12,0,0,0,0,0,0,0,0,,0,11,148,13.45,0,0,,0,,,15,25.8,28.8,20.3,,136,
Doug Flutie,2TM,QB,25,2,1,15,25,199,1,0,6,43,7.17,0,0,0,,0,1,,0,,,15,15.3,15.8,15.3,,68,
Sammy Garza,STL,QB,22,2,1,11,20,183,1,2,8,31,3.88,1,0,0,,0,1,,1,,,15,15.4,17.9,17.4,,66,
Scott Holman,NYJ,WR,25,3,2,0,0,0,0,0,0,0,,0,15,155,10.33,0,1,,0,,,15,29.5,33.0,22.0,,137,
Herman Hunter,HOU,RB,26,3,0,0,0,0,0,0,34,144,4.24,0,3,17,5.67,0,1,,0,,,15,18.1,21.6,16.6,,130,
Dan Johnson,MIA,TE,27,7,0,0,0,0,0,0,0,0,,0,4,35,8.75,2,1,,2,,,15,18.5,19.0,16.5,,47,
Rocky Klever,NYJ,TE,28,12,6,0,0,0,0,0,0,0,,0,14,152,10.86,0,0,,0,,,15,29.2,32.2,22.2,,43,
James McDonald,RAM,TE,26,5,3,0,0,0,0,0,0,0,,0,4,31,7.75,2,0,,2,,,15,19.1,19.1,17.1,,44,
Tim Sherwin,IND,TE,29,8,5,0,0,0,0,0,0,0,,0,9,86,9.56,1,0,,1,,,15,23.6,23.6,19.1,,45,
Matt Stevens,KAN,QB,23,3,2,32,57,315,1,1,3,7,2.33,0,0,0,,0,0,,0,,,15,15.3,19.3,16.3,,67,
Cliff Austin,TAM,RB,27,3,2,0,0,0,0,0,19,32,1.68,1,5,51,10.20,0,0,,1,,,14,19.3,19.3,16.8,,132,
Gordon Brown,IND,RB,24,3,0,0,0,0,0,0,19,85,4.47,1,0,0,,0,1,,1,,,14,13.5,14.0,13.5,,139,
Major Everett,2TM,RB,27,11,3,0,0,0,0,0,34,95,2.79,0,8,41,5.13,0,0,,0,,,14,21.6,21.6,17.6,,137,
Carl Hilton,MIN,TE,23,11,1,0,0,0,0,0,0,0,,0,2,16,8.00,2,0,,2,,,14,15.6,15.6,14.6,,49,
David McCluskey,CIN,RB,24,3,3,0,0,0,0,0,29,94,3.24,1,1,8,8.00,0,2,,1,,,14,15.2,16.2,14.7,,133,
Tim Moffett,SDG,WR,25,3,1,0,0,0,0,0,1,1,1.00,0,5,80,16.00,1,0,,1,,,14,19.1,19.1,16.6,,138,
,,,,,,,,,,,,,,,,,,,,,,,,,,,,,,
Carl Monroe,SFO,RB,27,3,2,0,0,0,0,0,2,26,13.00,0,3,66,22.00,1,1,,1,,,14,17.2,17.7,15.7,,134,
Del Rodgers,SFO,RB,27,7,0,0,0,0,0,0,11,46,4.18,1,2,45,22.50,0,1,,1,,,14,16.1,16.6,15.1,,135,
Chuck Sanders,PIT,RB,23,5,0,0,0,0,0,0,11,65,5.91,1,1,11,11.00,0,0,,1,,,14,14.6,14.6,14.1,,138,
Steve Strachan,RAI,RB,24,11,3,0,0,0,0,0,28,108,3.86,0,4,42,10.50,0,1,,0,,,14,18.0,21.5,16.0,,136,
Don Summers,GNB,TE,26,3,1,0,0,0,0,0,0,0,,0,7,83,11.86,1,0,,1,,,14,21.3,21.3,17.8,,48,
Shane Swanson,DEN,WR,25,3,2,0,0,0,0,0,0,0,,0,6,87,14.50,1,1,,1,,,14,19.7,20.2,16.7,,139,
Vincent Alexander,NOR,RB,23,1,0,0,0,0,0,0,21,71,3.38,1,2,15,7.50,0,2,,1,,,13,14.6,15.6,13.6,,143,
Bob Bleier,NWE,QB,23,3,2,14,39,181,1,1,5,-5,-1.00,1,0,0,,0,2,,1,,,13,12.7,14.7,13.7,,69,
Sylvester Byrd,ATL,TE,24,3,2,0,0,0,0,0,0,0,,0,7,125,17.86,0,0,,0,,,13,19.5,22.5,16.0,,53,
Maurice Carthon,NYG,RB,26,11,5,0,0,0,0,0,26,60,2.31,0,8,71,8.88,0,0,,0,,,13,21.1,21.1,17.1,,140,
Tony Cherry,SFO,RB,24,1,1,0,0,0,0,0,13,65,5.00,1,0,0,,0,0,,1,,,13,12.5,12.5,12.5,,146,
Steve Holloway,TAM,TE,23,6,4,0,0,0,0,0,0,0,,0,10,127,12.70,0,0,,0,,,13,22.7,25.7,17.7,,50,
Don Holmes,STL,WR,26,11,1,0,0,0,0,0,0,0,,0,11,132,12.00,0,0,,0,,,13,24.2,27.2,18.7,,140,
Keyvan Jenkins,SDG,RB,26,3,3,0,0,0,0,0,22,88,4.00,0,8,40,5.00,0,0,,0,,,13,20.8,20.8,16.8,,142,
Rod Jones,KAN,TE,23,3,1,0,0,0,0,0,0,0,,0,8,76,9.50,1,1,,1,,,13,20.6,21.1,16.6,,51,
Henry Marshall,KAN,WR,33,12,0,0,0,0,0,0,0,0,,0,10,126,12.60,0,0,,0,,,13,22.6,25.6,17.6,,142,
Mark Pattison,NOR,WR,26,9,4,0,0,0,0,0,0,0,,0,9,132,14.67,0,0,,0,,,13,22.2,25.2,17.7,,141,
Butch Rolle,BUF,TE,23,12,0,0,0,0,0,0,0,0,,0,2,6,3.00,2,0,,2,,,13,14.6,14.6,13.6,,52,
Lavale Thomas,GNB,RB,24,1,1,0,0,0,0,0,5,19,3.80,0,2,52,26.00,1,0,,1,,,13,15.1,15.1,14.1,,141,
Ray Wallace,HOU,FB,24,12,9,0,0,0,0,0,19,102,5.37,0,7,34,4.86,0,1,,0,,,13,19.6,23.1,16.1,,144,
Jeff Womack,MIN,RB,24,2,1,0,0,0,0,0,9,20,2.22,0,5,46,9.20,1,0,,1,,,13,17.6,17.6,15.1,,145,
Woody Bennett,MIA,FB,32,12,11,0,0,0,0,0,25,102,4.08,0,4,18,4.50,0,0,,0,,,12,16.0,19.0,14.0,,150,
Reggie Collier,PIT,QB,26,2,0,4,7,110,2,1,4,20,5.00,0,0,0,,0,0,,0,,,12,12.4,13.4,13.4,,70,
Stacey Dawsey,NOR,WR,22,3,3,0,0,0,0,0,0,0,,0,13,142,10.92,0,2,,0,,,12,25.2,29.2,18.7,,144,
Stan Edwards,DET,RB,27,3,3,0,0,0,0,0,32,69,2.16,0,7,82,11.71,0,3,,0,,,12,19.1,20.6,15.6,,149,
Mark Gehring,HOU,TE,23,6,3,0,0,0,0,0,0,0,,0,5,64,12.80,1,0,,1,,,12,17.4,17.4,14.9,,54,
Kevin House,RAM,WR,30,12,1,0,0,0,0,0,0,0,,0,6,63,10.50,1,0,,1,,,12,18.3,18.3,15.3,,143,
Danzell Lee,PIT,TE,24,13,13,0,0,0,0,0,0,0,,0,12,124,10.33,0,0,,0,,,12,24.4,27.4,18.4,,55,
Keith McDonald,HOU,WR,24,3,0,0,0,0,0,0,0,0,,0,4,56,14.00,1,0,,1,,,12,15.6,15.6,13.6,,145,
Harold Ricks,TAM,RB,25,3,1,0,0,0,0,0,24,76,3.17,1,1,12,12.00,0,3,,1,,,12,12.8,14.3,12.3,,152,
,,,,,,,,,,,,,,,,,,,,,,,,,,,,,,
Chris Smith,KAN,RB,24,3,3,0,0,0,0,0,26,114,4.38,0,2,21,10.50,0,2,,0,,,12,13.5,17.5,12.5,,153,
Timmy Smith,WAS,FB,23,7,0,0,0,0,0,0,29,126,4.34,0,1,-2,-2.00,0,0,,0,,,12,13.4,16.4,12.9,,147,
Michael Williams,ATL,RB,26,3,1,0,0,0,0,0,14,49,3.50,0,9,70,7.78,0,0,,0,,,12,20.9,20.9,16.4,,151,
Van Williams,NYG,RB,28,3,3,0,0,0,0,0,29,108,3.72,0,5,36,7.20,0,2,,0,,,12,17.4,21.4,14.9,,148,
Mike Young,RAM,WR,25,12,0,0,0,0,0,0,0,0,,0,4,56,14.00,1,0,,1,,,12,15.6,15.6,13.6,,146,
Rick Calhoun,RAI,RB,24,3,0,0,0,0,0,0,7,36,5.14,0,1,17,17.00,0,0,,1,,,11,12.3,12.3,11.8,,155,
Eddie Chavis,MIA,WR,24,3,1,0,0,0,0,0,0,0,,0,7,108,15.43,0,0,,0,,,11,17.8,20.8,14.3,,148,
Jeff Christensen,CLE,QB,27,3,2,24,58,297,1,3,11,41,3.73,0,0,0,,0,3,,0,,,11,11.0,15.5,14.0,,72,
Bob Gagliano,SFO,QB,29,3,1,16,29,229,1,1,0,0,,0,0,0,,0,0,,0,,,11,11.2,12.2,12.2,,71,
Sheldon Gaines,BUF,WR,23,3,3,0,0,0,0,0,0,0,,0,9,115,12.78,0,1,,0,,,11,19.5,23.0,15.0,,149,
David Hill,RAM,TE,33,12,12,0,0,0,0,0,0,0,,0,11,105,9.55,0,0,,0,,,11,21.5,24.5,16.0,,57,
Stan Hunter,NYJ,WR,24,3,0,0,0,0,0,0,0,0,,0,6,50,8.33,1,0,,1,,,11,17.0,17.0,14.0,,147,
Rickey Isom,MIA,RB,24,3,1,0,0,0,0,0,9,41,4.56,1,1,11,11.00,0,0,,1,,,11,12.2,12.2,11.7,,158,
Tim Jessie,WAS,RB,24,3,0,0,0,0,0,0,10,37,3.70,1,1,8,8.00,0,0,,1,,,11,11.5,11.5,11.0,,162,
David Lewis,MIA,TE,26,5,2,0,0,0,0,0,0,0,,0,6,53,8.83,1,0,,1,,,11,17.3,17.3,14.3,,56,
Tim Manoa,CLE,FB,23,12,0,0,0,0,0,0,23,116,5.04,0,1,8,8.00,0,1,,0,,,11,12.4,15.9,11.9,,154,
Buford McGee,RAM,RB,27,3,1,0,0,0,0,0,3,6,2.00,1,7,40,5.71,0,0,,1,,,11,17.6,17.6,14.1,,161,
Jacque Robinson,PHI,FB,24,3,3,0,0,0,0,0,24,114,4.75,0,2,9,4.50,0,1,,0,,,11,13.3,16.8,12.3,,156,
Martin Sartin,SDG,RB,24,3,1,0,0,0,0,0,19,52,2.74,1,6,19,3.17,0,2,,1,,,11,17.1,18.1,14.1,,159,
Mike Varajon,SFO,RB,23,3,1,0,0,0,0,0,18,82,4.56,0,3,25,8.33,0,0,,0,,,11,13.7,13.7,12.2,,160,
Cleve Wester,DET,RB,23,3,1,0,0,0,0,0,33,113,3.42,0,0,0,,0,0,,0,,,11,11.3,14.3,11.3,,157,
Scott Williams,DET,RB,25,5,2,0,0,0,0,0,8,29,3.63,0,4,16,4.00,1,0,,1,,,11,14.5,14.5,12.5,,163,
David Adams,DAL,RB,23,3,0,0,0,0,0,0,7,49,7.00,1,1,8,8.00,0,2,,1,,,10,10.7,11.7,10.2,,171,
Charlie Brown,ATL,WR,29,6,0,0,0,0,0,0,0,0,,0,5,103,20.60,0,0,,0,,,10,15.3,18.3,12.8,,151,
Paul Coffman,KAN,TE,31,12,1,0,0,0,0,0,0,0,,0,5,42,8.40,1,0,,1,,,10,15.2,15.2,12.7,,58,
Kenny Flowers,ATL,RB,23,8,1,0,0,0,0,0,14,61,4.36,0,7,50,7.14,0,1,,0,,,10,17.1,17.6,13.6,,167,
Mel Gray,NOR,RB,26,12,1,0,0,0,0,0,8,37,4.63,1,6,30,5.00,0,3,,1,,,10,15.7,17.2,12.7,,172,
Jimmy Hargrove,GNB,RB,30,2,2,0,0,0,0,0,11,38,3.45,1,1,6,6.00,0,0,,1,,,10,11.4,11.4,10.9,,164,
Kevin Juma,SEA,WR,25,3,2,0,0,0,0,0,0,0,,0,7,95,13.57,0,0,,0,,,10,16.5,16.5,13.0,,156,
John Kamana,ATL,RB,26,2,1,0,0,0,0,0,0,0,,0,7,51,7.29,1,1,,1,,,10,17.1,17.6,13.6,,168,
,,,,,,,,,,,,,,,,,,,,,,,,,,,,,,
Jamie Kurisko,NYJ,TE,24,3,2,0,0,0,0,0,0,0,,0,1,41,41.00,1,0,,1,,,10,11.1,11.1,10.6,,59,
Greg Lathan,RAI,WR,23,3,0,0,0,0,0,0,0,0,,0,5,98,19.60,0,0,,0,,,10,14.8,14.8,12.3,,154,
Thad McFadden,BUF,WR,25,3,2,0,0,0,0,0,0,0,,0,4,41,10.25,1,0,,1,,,10,14.1,14.1,12.1,,152,
Chris Miller,ATL,QB,22,3,2,39,92,552,1,9,4,21,5.25,0,0,0,,0,0,,0,,,10,10.2,22.2,19.2,,73,
Solomon Miller,TAM,WR,23,8,0,0,0,0,0,0,0,0,,0,5,97,19.40,0,0,,0,,,10,14.7,14.7,12.2,,155,
Michael Morton,SEA,RB,27,2,0,0,0,0,0,0,19,52,2.74,1,0,0,,0,1,,1,,,10,10.2,10.7,10.2,,166,
Anthony Mosley,CHI,RB,22,2,2,0,0,0,0,0,18,80,4.44,0,2,16,8.00,0,0,,0,,,10,11.6,11.6,10.6,,173,
Zeke Mowatt,NYG,TE,26,12,1,0,0,0,0,0,0,0,,0,3,39,13.00,1,0,,1,,,10,12.9,12.9,11.4,,60,
Rick Parros,SEA,RB,29,1,1,0,0,0,0,0,13,32,2.46,1,1,7,7.00,0,0,,1,,,10,10.9,10.9,10.4,,169,
Broderick Sargent,STL,RB,25,15,1,0,0,0,0,0,18,90,5.00,0,2,19,9.50,0,1,,0,,,10,11.9,12.4,10.9,,170,
Willie Scott,NWE,TE,28,9,1,0,0,0,0,0,0,0,,0,5,35,7.00,1,0,,1,,,10,14.5,14.5,12.0,,61,
Tim Tyrrell,RAM,RB,26,11,0,0,0,0,0,0,11,44,4.00,0,6,59,9.83,0,0,,0,,,10,16.3,16.3,13.3,,165,
Joey Walters,HOU,WR,33,5,0,0,0,0,0,0,0,0,,0,5,99,19.80,0,0,,0,,,10,14.9,14.9,12.4,,153,
David Williams,RAI,WR,24,3,2,0,0,0,0,0,0,0,,0,4,104,26.00,0,0,,0,,,10,14.4,17.4,12.4,,150,
Scott Caldwell,DEN,RB,24,3,1,0,0,0,0,0,16,53,3.31,0,4,34,8.50,0,0,,0,,,9,12.7,12.7,10.7,,178,
Thornton Chandler,DAL,TE,24,12,1,0,0,0,0,0,0,0,,0,5,25,5.00,1,0,,1,,,9,13.5,13.5,11.0,,64,
John Chirico,NYJ,RB,22,3,1,0,0,0,0,0,12,22,1.83,1,4,18,4.50,0,1,,1,,,9,13.0,13.5,11.0,,176,
Robert DiRico,NYG,RB,24,3,1,0,0,0,0,0,25,90,3.60,0,2,22,11.00,0,2,,0,,,9,11.2,12.2,10.2,,174,
Mark Herrmann,SDG,QB,28,3,2,37,57,405,1,5,4,-1,-0.25,0,0,0,,0,1,,0,,,9,9.1,17.6,14.1,,74,
Haywood Jeffires,HOU,WR,23,9,1,0,0,0,0,0,0,0,,0,7,89,12.71,0,0,,0,,,9,15.9,15.9,12.4,,158,
Joe Jones,IND,TE,25,3,2,0,0,0,0,0,0,0,,0,3,25,8.33,1,0,,1,,,9,11.5,11.5,10.0,,65,
Blair Kiel,IND,QB,26,4,1,17,33,195,1,3,4,30,7.50,0,0,0,,0,0,,0,,,9,8.8,11.8,11.8,,75,
Don Kindt,CHI,TE,26,3,2,0,0,0,0,0,0,0,,0,5,34,6.80,1,0,,1,,,9,14.4,14.4,11.9,,62,
Kelvin Martin,DAL,WR,22,7,0,0,0,0,0,0,0,0,,0,5,103,20.60,0,1,,0,,,9,14.3,17.8,11.8,,157,
Joe McIntosh,ATL,RB,25,2,0,0,0,0,0,0,5,11,2.20,0,3,15,5.00,1,0,,1,,,9,11.6,11.6,10.1,,180,
Calvin Muhammad,SDG,WR,29,2,0,0,0,0,0,0,0,0,,0,2,87,43.50,0,0,,0,,,9,10.7,10.7,9.7,,159,
Tony Nathan,MIA,RB,31,6,0,0,0,0,0,0,4,20,5.00,0,10,77,7.70,0,1,,0,,,9,18.7,19.2,13.7,,179,
Mark Nichols,DET,WR,28,12,1,0,0,0,0,0,0,0,,0,7,87,12.43,0,0,,0,,,9,15.7,15.7,12.2,,160,
Wade Russell,CIN,TE,24,3,0,0,0,0,0,0,0,0,,0,2,27,13.50,1,0,,1,,,9,10.7,10.7,9.7,,63,
Phil Smith,RAM,WR,27,2,2,0,0,0,0,0,0,0,,0,3,95,31.67,0,1,,0,,,9,11.5,12.0,10.0,,161,
,,,,,,,,,,,,,,,,,,,,,,,,,,,,,,
Calvin Thomas,CHI,RB,27,12,0,0,0,0,0,0,25,88,3.52,0,0,0,,0,0,,0,,,9,8.8,8.8,8.8,,177,
Dana Wright,CIN,RB,24,5,0,0,0,0,0,0,24,74,3.08,0,4,28,7.00,0,1,,0,,,9,13.2,13.7,11.2,,175,
Steve Bartalo,TAM,RB,23,9,0,0,1,0,0,1,9,30,3.33,1,1,5,5.00,0,0,,1,,,8,8.5,9.5,9.0,,187,
Todd Blackledge,KAN,QB,26,3,2,15,31,154,1,1,5,21,4.20,0,0,0,,0,2,,0,,,8,8.3,10.3,9.3,,76,
Arthur Cox,ATL,TE,26,12,10,0,0,0,0,0,0,0,,0,11,101,9.18,0,2,,0,,,8,19.1,23.1,13.6,,66,
Lin Dawson,NWE,TE,28,12,11,0,0,0,0,0,0,0,,0,12,81,6.75,0,0,,0,,,8,20.1,20.1,14.1,,67,
Herman Fontenot,CLE,RB,24,12,0,1,1,14,0,0,15,33,2.20,0,4,40,10.00,0,0,,0,,,8,11.9,11.9,9.9,,184,
Boyce Green,SEA,RB,27,2,2,0,0,0,0,0,21,77,3.67,0,0,0,,0,0,,0,,,8,7.7,7.7,7.7,,186,
Billy Griggs,NYJ,TE,25,12,1,0,0,0,0,0,0,0,,0,2,17,8.50,1,0,,1,,,8,9.7,9.7,8.7,,68,
Keith McKeller,BUF,WR,23,1,1,0,0,0,0,0,0,0,,0,9,80,8.89,0,0,,0,,,8,17.0,17.0,12.5,,162,
David Norrie,NYJ,QB,24,2,2,35,68,376,1,4,5,5,1.00,0,0,0,,0,4,,0,,,8,7.5,16.5,11.5,,77,
Barry Redden,SDG,RB,27,12,0,0,0,0,0,0,11,36,3.27,0,7,46,6.57,0,0,,0,,,8,15.2,15.2,11.7,,181,
Matt Suhey,CHI,RB,29,12,2,0,0,0,0,0,7,24,3.43,0,7,54,7.71,0,0,,0,,,8,14.8,14.8,11.3,,185,
Spencer Tillman,HOU,RB,23,5,1,0,0,0,0,0,12,29,2.42,1,0,0,,0,1,,1,,,8,7.9,8.4,7.9,,183,
Clarence Verdin,WAS,WR,24,3,1,0,0,0,0,0,1,14,14.00,0,2,62,31.00,0,0,,0,,,8,9.6,9.6,8.6,,163,
Carl Woods,NWE,RB,23,2,0,0,0,0,0,0,4,20,5.00,1,0,0,,0,0,,1,,,8,8.0,8.0,8.0,,182,
Eric Bailey,PHI,TE,24,3,3,0,0,0,0,0,0,0,,0,8,69,8.63,0,0,,0,,,7,14.9,14.9,10.9,,72,
Fred Banks,MIA,WR,25,3,0,0,0,0,0,0,0,0,,0,1,10,10.00,1,0,,1,,,7,8.0,8.0,7.5,,166,
Mark Bellini,IND,WR,23,10,1,0,0,0,0,0,0,0,,0,5,69,13.80,0,0,,0,,,7,11.9,11.9,9.4,,168,
Carl Bland,DET,WR,26,10,0,0,0,0,0,0,0,0,,0,2,14,7.00,1,0,,1,,,7,9.4,9.4,8.4,,164,
Mark Boyer,IND,WR,25,7,6,0,0,0,0,0,0,0,,0,10,73,7.30,0,0,,0,,,7,17.3,17.3,12.3,,165,
Reggie Branch,WAS,RB,25,12,0,0,0,0,0,0,4,9,2.25,1,0,0,,0,0,,1,,,7,6.9,6.9,6.9,,193,
Eric Brown,KAN,WR,23,2,1,0,0,0,0,0,0,0,,0,5,69,13.80,0,0,,0,,,7,11.9,11.9,9.4,,169,
Topper Clemons,PHI,RB,24,3,0,0,0,0,0,0,3,0,0.00,0,1,13,13.00,1,0,,1,,,7,8.3,8.3,7.8,,188,
Wayne Coffey,NWE,WR,23,3,2,0,0,0,0,0,0,0,,0,3,66,22.00,0,0,,0,,,7,9.6,9.6,8.1,,170,
Doug DuBose,SFO,RB,23,2,0,0,0,0,0,0,10,33,3.30,0,4,37,9.25,0,0,,0,,,7,11.0,11.0,9.0,,191,
Preston Gothard,PIT,TE,25,2,2,0,0,0,0,0,0,0,,0,2,9,4.50,1,0,,1,,,7,8.9,8.9,7.9,,73,
Russell Hairston,PIT,WR,23,3,2,0,0,0,0,0,0,0,,0,2,16,8.00,1,1,,1,,,7,8.6,9.1,7.6,,171,
Shawn Halloran,STL,QB,23,3,2,18,42,263,0,1,3,-9,-3.00,0,0,0,,0,1,,0,,,7,6.6,8.1,7.6,,79,
Bruce Hansen,NWE,RB,26,6,2,0,0,0,0,0,16,44,2.75,0,1,22,22.00,0,0,,0,,,7,7.6,7.6,7.1,,194,
,,,,,,,,,,,,,,,,,,,,,,,,,,,,,,
Ira Hillary,CIN,WR,25,11,0,0,0,0,0,0,0,0,,0,5,65,13.00,0,0,,0,,,7,11.5,11.5,9.0,,172,
Mark Konecny,MIA,RB,24,3,0,0,0,0,0,0,6,46,7.67,0,6,26,4.33,0,0,,0,,,7,13.2,13.2,10.2,,189,
Eric Lane,SEA,RB,28,12,2,0,0,0,0,0,13,40,3.08,0,4,30,7.50,0,0,,0,,,7,11.0,11.0,9.0,,192,
Randall Morris,SEA,RB,26,10,0,0,0,0,0,0,21,71,3.38,0,0,0,,0,0,,0,,,7,7.1,7.1,7.1,,190,
Ken O'Neal,NOR,TE,25,2,0,0,0,0,0,0,0,0,,0,3,10,3.33,1,0,,1,,,7,10.0,10.0,8.5,,71,
Dameon Reilly,MIA,WR,24,3,1,0,0,0,0,0,0,0,,0,5,70,14.00,0,0,,0,,,7,12.0,12.0,9.5,,167,
Frank Seurer,KAN,QB,25,8,2,26,55,340,0,4,9,33,3.67,0,0,0,,0,2,,0,,,7,6.9,14.9,10.9,,78,
Jeff Smith,NYG,TE,25,3,3,0,0,0,0,0,0,0,,0,6,72,12.00,0,0,,0,,,7,13.2,13.2,10.2,,70,
Willie Smith,MIA,TE,23,3,0,0,0,0,0,0,0,0,,0,2,13,6.50,1,0,,1,,,7,9.3,9.3,8.3,,69,
Jo-Jo Townsell,NYJ,WR,27,12,0,0,0,0,0,0,1,-2,-2.00,0,4,37,9.25,0,3,,1,,,7,10.5,12.0,8.5,,173,
Jeff Van Raaphorst,ATL,QB,24,2,1,18,34,174,1,2,1,6,6.00,0,0,0,,0,1,,0,,,7,6.6,9.1,8.6,,80,
Clarence Bailey,MIA,RB,24,3,1,0,0,0,0,0,10,55,5.50,0,0,0,,0,0,,0,,,6,5.5,5.5,5.5,,199,
Jim Crocicchia,NYG,QB,23,1,1,6,15,89,1,0,4,5,1.25,0,0,0,,0,2,,0,,,6,6.1,7.1,6.1,,82,
Tony Gladney,SFO,WR,23,2,0,0,0,0,0,0,0,0,,0,4,60,15.00,0,0,,0,,,6,10.0,10.0,8.0,,177,
Andre Hardy,SFO,RB,26,1,0,0,0,0,0,0,7,48,6.86,0,1,7,7.00,0,0,,0,,,6,6.5,6.5,6.0,,200,
Billy Johnson,ATL,WR,35,12,1,0,0,0,0,0,0,0,,0,8,84,10.50,0,2,,0,,,6,14.4,15.4,10.4,,174,
Tim Kearse,IND,WR,28,3,0,0,0,0,0,0,0,0,,0,3,56,18.67,0,0,,0,,,6,8.6,8.6,7.1,,178,
Ken Knapczyk,CHI,WR,24,3,3,0,0,0,0,0,0,0,,0,4,62,15.50,0,0,,0,,,6,10.2,10.2,8.2,,175,
Chris McLemore,2TM,RB,24,5,2,0,0,0,0,0,17,58,3.41,0,2,9,4.50,0,1,,0,,,6,7.7,8.2,6.7,,198,
Freddie Parker,GNB,RB,25,1,0,0,0,0,0,0,8,33,4.13,0,3,22,7.33,0,0,,0,,,6,8.5,8.5,7.0,,201,
Mario Perry,RAI,TE,24,3,2,0,0,0,0,0,0,0,,0,1,3,3.00,1,0,,1,,,6,7.3,7.3,6.8,,74,
John Reaves,TAM,QB,37,2,2,6,16,83,1,0,0,0,,0,0,0,,0,1,,0,,,6,6.3,6.8,6.3,,81,
Dan Rice,CIN,RB,24,3,0,0,0,0,0,0,18,59,3.28,0,0,0,,0,0,,0,,,6,5.9,5.9,5.9,,197,
Patrick Scott,GNB,WR,23,8,3,0,0,0,0,0,1,2,2.00,0,8,79,9.88,0,2,,0,,,6,14.1,15.1,10.1,,176,
Vai Sikahema*+,STL,RB,25,15,0,0,0,0,0,0,0,0,,0,0,0,,0,0,,1,,,6,6.0,6.0,6.0,,196,
Steve Smith,RAI,FB,23,7,3,0,0,0,0,0,5,18,3.60,0,3,46,15.33,0,0,,0,,,6,9.4,9.4,7.9,,195,
Dave Walter,CIN,QB,23,3,2,10,21,113,0,0,16,70,4.38,0,0,0,,0,6,,0,,,6,5.5,8.5,5.5,,83,
Arthur Wells,TAM,TE,24,2,0,0,0,0,0,0,0,0,,0,0,0,,0,0,,1,,,6,6.0,6.0,6.0,,75,
Mitch Andrews,DEN,TE,23,8,3,0,0,0,0,0,0,0,,0,4,53,13.25,0,0,,0,,,5,9.3,9.3,7.3,,78,
Steve Bradley,CHI,QB,24,1,1,6,18,77,2,3,1,-3,-3.00,0,0,0,,0,0,,0,,,5,4.8,7.8,7.8,,85,
,,,,,,,,,,,,,,,,,,,,,,,,,,,,,,
Adrian Breen,CIN,QB,22,2,1,3,8,9,1,0,6,18,3.00,0,0,0,,0,1,,0,,,5,5.2,5.7,5.2,,84,
Tony Dollinger,DET,RB,25,2,1,0,0,0,0,0,8,22,2.75,0,3,25,8.33,0,0,,0,,,5,7.7,7.7,6.2,,204,
Steve Finch,MIN,WR,26,1,1,0,0,0,0,0,0,0,,0,3,54,18.00,0,0,,0,,,5,8.4,8.4,6.9,,179,
Dennis Gadbois,NWE,WR,24,3,1,0,0,0,0,0,0,0,,0,3,51,17.00,0,0,,0,,,5,8.1,8.1,6.6,,181,
Jim Gustafson,MIN,WR,26,12,0,0,0,0,0,0,1,-2,-2.00,0,4,55,13.75,0,0,,0,,,5,9.3,9.3,7.3,,180,
Rob Harrison,RAI,RB,24,2,1,0,0,0,0,0,9,49,5.44,0,2,18,9.00,0,2,,0,,,5,6.7,7.7,5.7,,205,
Harry Holt,SDG,TE,30,3,3,0,0,0,0,0,0,0,,0,7,56,8.00,0,1,,0,,,5,11.6,12.1,8.1,,80,
Vyto Kab,DET,TE,28,7,2,0,0,0,0,0,0,0,,0,5,54,10.80,0,0,,0,,,5,10.4,10.4,7.9,,76,
Dave Montagne,KAN,WR,23,3,2,0,0,0,0,0,0,0,,0,5,47,9.40,0,0,,0,,,5,9.7,9.7,7.2,,183,
Rickey Parks,MIN,WR,23,2,1,0,0,0,0,0,0,0,,0,3,46,15.33,0,0,,0,,,5,7.6,7.6,6.1,,184,
Marquis Pleasant,CIN,WR,22,3,0,0,0,0,0,0,0,0,,0,2,45,22.50,0,0,,0,,,5,6.5,6.5,5.5,,185,
Jay Repko,PHI,TE,29,3,0,0,0,0,0,0,0,0,,0,5,46,9.20,0,0,,0,,,5,9.6,9.6,7.1,,81,
Jeff Rodenberger,NOR,RB,28,3,3,0,0,0,0,0,17,35,2.06,0,2,17,8.50,0,0,,0,,,5,7.2,7.2,6.2,,202,
Tag Rome,SDG,WR,26,3,1,0,0,0,0,0,0,0,,0,6,49,8.17,0,0,,0,,,5,10.9,10.9,7.9,,182,
Lawrence Sampleton,MIA,TE,28,3,3,0,0,0,0,0,0,0,,0,8,64,8.00,0,1,,0,,,5,13.4,13.9,9.4,,77,
Todd Spencer,SDG,RB,25,3,2,0,0,0,0,0,14,24,1.71,0,2,47,23.50,0,2,,0,,,5,7.1,8.1,6.1,,203,
Tony Sweet,NYJ,TE,24,3,2,0,0,0,0,0,0,0,,0,3,45,15.00,0,0,,0,,,5,7.5,7.5,6.0,,82,
Ron Wheeler,RAI,TE,29,3,1,0,0,0,0,0,0,0,,0,3,61,20.33,0,1,,0,,,5,8.1,8.6,6.6,,79,
John Brandes,IND,TE,23,12,2,0,0,0,0,0,0,0,,0,5,35,7.00,0,0,,0,,,4,8.5,8.5,6.0,,85,
Laron Brown,DEN,WR,24,3,1,0,0,0,0,0,0,0,,0,4,40,10.00,0,0,,0,,,4,8.0,8.0,6.0,,186,
Mike Caterbone,MIA,WR,25,3,1,0,0,0,0,0,0,0,,0,2,46,23.00,0,1,,0,,,4,5.6,6.1,4.6,,192,
Robert Clark,NOR,WR,22,2,0,0,0,0,0,0,0,0,,0,3,38,12.67,0,0,,0,,,4,6.8,6.8,5.3,,189,
Chris Darrington,HOU,WR,23,3,0,0,0,0,0,0,0,0,,0,1,38,38.00,0,0,,0,,,4,4.8,4.8,4.3,,190,
Elgin Davis,NWE,RB,22,4,0,0,0,0,0,0,9,43,4.78,0,0,0,,0,0,,0,,,4,4.3,4.3,4.3,,207,
Larry Emery,ATL,RB,23,5,0,0,0,0,0,0,1,5,5.00,0,5,31,6.20,0,0,,0,,,4,8.6,8.6,6.1,,213,
Charles Gladman,TAM,RB,21,2,0,0,0,0,0,0,12,29,2.42,0,2,8,4.00,0,0,,0,,,4,5.7,5.7,4.7,,212,
Leon Gonzalez,ATL,WR,24,2,0,0,0,0,0,0,0,0,,0,3,40,13.33,0,0,,0,,,4,7.0,7.0,5.5,,187,
Norm Granger,ATL,RB,26,3,1,0,0,0,0,0,6,12,2.00,0,2,34,17.00,0,1,,0,,,4,5.6,6.1,4.6,,214,
Jim Harbaugh,CHI,QB,24,6,0,8,11,62,0,0,4,15,3.75,0,0,0,,0,0,,0,,,4,4.0,4.0,4.0,,87,
Greg Hawthorne,IND,RB,31,3,3,0,0,0,0,0,0,0,,0,3,41,13.67,0,0,,0,,,4,7.1,7.1,5.6,,211,
,,,,,,,,,,,,,,,,,,,,,,,,,,,,,,
Kevin Ingram,NOR,QB,25,2,0,1,2,5,1,0,2,14,7.00,0,0,0,,0,2,,0,,,4,3.6,4.6,3.6,,88,
Brent Jones,SFO,TE,24,4,0,0,0,0,0,0,0,0,,0,2,35,17.50,0,0,,0,,,4,5.5,5.5,4.5,,86,
Ricky Moore,HOU,RB,24,3,3,0,0,0,0,0,7,22,3.14,0,3,21,7.00,0,0,,0,,,4,7.3,7.3,5.8,,208,
Terry Orr,WAS,TE,26,10,1,0,0,0,0,0,0,0,,0,3,35,11.67,0,0,,0,,,4,6.5,6.5,5.0,,87,
Bernard Quarles,RAM,QB,27,1,0,1,3,40,1,1,1,8,8.00,0,0,0,,0,0,,0,,,4,4.4,5.4,5.4,,86,
Eric Riley,NYJ,TE,23,2,1,0,0,0,0,0,0,0,,0,4,42,10.50,0,0,,0,,,4,8.2,8.2,6.2,,84,
Malcolm Scott,NOR,TE,26,3,3,0,0,0,0,0,0,0,,0,6,35,5.83,0,0,,0,,,4,9.5,9.5,6.5,,88,
Johnny Shepherd,BUF,RB,30,2,1,0,0,0,0,0,12,42,3.50,0,1,2,2.00,0,0,,0,,,4,5.4,5.4,4.9,,206,
John Trahan,KAN,WR,26,3,3,0,0,0,0,0,0,0,,0,4,40,10.00,0,0,,0,,,4,8.0,8.0,6.0,,188,
Timmie Ware,SDG,WR,24,12,1,0,0,0,0,0,0,0,,0,2,38,19.00,0,0,,0,,,4,5.8,5.8,4.8,,191,
Don Warren,WAS,TE,31,12,12,0,0,0,0,0,0,0,,0,7,43,6.14,0,0,,0,,,4,11.3,11.3,7.8,,83,
Lee Weigel,GNB,RB,24,2,0,0,0,0,0,0,10,26,2.60,0,1,17,17.00,0,0,,0,,,4,5.3,5.3,4.8,,209,
Gerald White,DAL,RB,23,3,3,0,0,0,0,0,1,-4,-4.00,0,5,46,9.20,0,0,,0,,,4,9.2,9.2,6.7,,210,
Walt Arnold,KAN,TE,29,5,4,0,0,0,0,0,0,0,,0,3,26,8.67,0,0,,0,,,3,5.6,5.6,4.1,,90,
Ken Bell,DEN,RB,23,12,1,0,0,0,0,0,13,43,3.31,0,1,8,8.00,0,2,,0,,,3,4.1,5.1,3.6,,216,
Brant Bengen,SEA,WR,23,3,0,0,0,0,0,0,0,0,,0,2,33,16.50,0,0,,0,,,3,5.3,5.3,4.3,,195,
Ron Brown,STL,WR,24,3,0,0,0,0,0,0,1,9,9.00,0,2,16,8.00,0,0,,0,,,3,4.5,4.5,3.5,,201,
Tony Burse,SEA,RB,22,12,0,0,0,0,0,0,7,36,5.14,0,0,0,,0,1,,0,,,3,2.6,3.1,2.6,,225,
Joe Caravello,WAS,TE,24,11,5,0,0,0,0,0,0,0,,0,2,29,14.50,0,0,,0,,,3,4.9,4.9,3.9,,89,
Phil Frye,MIN,RB,29,1,1,0,0,0,0,0,4,4,1.00,0,3,25,8.33,0,0,,0,,,3,5.9,5.9,4.4,,221,
Willie Gillespie,MIN,WR,26,1,1,0,0,0,0,0,0,0,,0,2,28,14.00,0,0,,0,,,3,4.8,4.8,3.8,,200,
Frank Hawkins,RAI,RB,28,2,1,0,0,0,0,0,4,24,6.00,0,1,6,6.00,0,0,,0,,,3,4.0,4.0,3.5,,218,
Jessie Hester,RAI,WR,24,10,0,0,0,0,0,0,0,0,,0,1,30,30.00,0,0,,0,,,3,4.0,4.0,3.5,,198,
Mark Ingram,NYG,WR,22,9,0,0,0,0,0,0,0,0,,0,2,32,16.00,0,0,,0,,,3,5.2,5.2,4.2,,197,
Bruce King,BUF,RB,24,3,2,0,0,0,0,0,9,28,3.11,0,1,3,3.00,0,0,,0,,,3,4.1,4.1,3.6,,217,
Stein Koss,KAN,TE,24,2,2,0,0,0,0,0,0,0,,0,2,25,12.50,0,0,,0,,,3,4.5,4.5,3.5,,91,
Ken Lacy,KAN,RB,27,3,1,0,0,0,0,0,14,49,3.50,0,0,0,,0,2,,0,,,3,2.9,3.9,2.9,,222,
Greg Meehan,CIN,WR,24,3,3,0,0,0,0,0,4,19,4.75,0,3,25,8.33,0,1,,0,,,3,6.4,6.9,4.9,,193,
Gary Mullen,CHI,WR,24,3,0,0,0,0,0,0,0,0,,0,2,33,16.50,0,0,,0,,,3,5.3,5.3,4.3,,196,
Sean Payton,CHI,QB,24,3,0,8,23,79,0,1,1,28,28.00,0,0,0,,0,1,,0,,,3,3.0,4.5,4.0,,89,
,,,,,,,,,,,,,,,,,,,,,,,,,,,,,,
Woodie Pippens,KAN,RB,24,2,0,0,0,0,0,0,3,16,5.33,0,2,12,6.00,0,0,,0,,,3,4.8,4.8,3.8,,223,
Sebron Spivey,DAL,WR,23,2,1,0,0,0,0,0,0,0,,0,2,34,17.00,0,0,,0,,,3,5.4,5.4,4.4,,194,
Don Strock,MIA,QB,37,12,0,13,23,114,0,1,0,0,,0,0,0,,0,0,,0,,,3,2.6,3.6,3.6,,90,
Adam Walker,MIN,RB,24,2,0,0,0,0,0,0,5,24,4.80,0,2,3,1.50,0,0,,0,,,3,4.7,4.7,3.7,,224,
Derwin Williams,NWE,WR,26,10,0,0,0,0,0,0,0,0,,0,3,30,10.00,0,0,,0,,,3,6.0,6.0,4.5,,199,
Leonard Williams,BUF,RB,27,2,0,0,0,0,0,0,9,25,2.78,0,1,5,5.00,0,0,,0,,,3,4.0,4.0,3.5,,219,
Brett Wilson,MIN,RB,27,3,1,0,0,0,0,0,5,16,3.20,0,2,14,7.00,0,0,,0,,,3,5.0,5.0,4.0,,220,
Al Wolden,CHI,RB,22,3,0,0,0,0,0,0,2,8,4.00,0,1,26,26.00,0,0,,0,,,3,4.4,4.4,3.9,,215,
Ottis Anderson,NYG,RB,30,4,0,0,0,0,0,0,2,6,3.00,0,2,16,8.00,0,0,,0,,,2,4.2,4.2,3.2,,229,
Earl Beecham,NYG,RB,22,1,0,0,0,0,0,0,5,22,4.40,0,0,0,,0,0,,0,,,2,2.2,2.2,2.2,,230,
Reggie Bynum,BUF,WR,23,1,1,0,0,0,0,0,0,0,,0,2,24,12.00,0,0,,0,,,2,4.4,4.4,3.4,,202,
Eric Cobble,HOU,RB,23,3,0,0,0,0,0,0,9,23,2.56,0,0,0,,0,0,,0,,,2,2.3,2.3,2.3,,226,
Darrell Colbert,KAN,WR,23,12,0,0,0,0,0,0,0,0,,0,3,21,7.00,0,0,,0,,,2,5.1,5.1,3.6,,205,
Ron Daugherty,MIN,WR,29,3,0,0,0,0,0,0,0,0,,0,2,21,10.50,0,0,,0,,,2,4.1,4.1,3.1,,206,
Dwayne Dixon,TAM,WR,25,2,0,0,0,0,0,0,0,0,,0,1,18,18.00,0,0,,0,,,2,2.8,2.8,2.3,,210,
Stacey Driver,CLE,RB,23,2,0,0,0,0,0,0,9,31,3.44,0,0,0,,0,1,,0,,,2,2.1,2.6,2.1,,231,
Richard Estell,KAN,WR,24,2,0,0,0,0,0,0,0,0,,0,3,24,8.00,0,0,,0,,,2,5.4,5.4,3.9,,203,
Terrence Flagler,SFO,RB,23,3,1,0,0,0,0,0,6,11,1.83,0,2,28,14.00,0,2,,0,,,2,3.9,4.9,2.9,,235,
Derrick Foster,NYJ,RB,24,3,0,0,0,0,0,0,1,9,9.00,0,1,9,9.00,0,0,,0,,,2,2.8,2.8,2.3,,237,
Todd Frain,NWE,TE,25,3,2,0,0,0,0,0,0,0,,0,2,22,11.00,0,0,,0,,,2,4.2,4.2,3.2,,92,
Brian Glasgow,CHI,TE,26,3,1,0,0,0,0,0,0,0,,0,2,16,8.00,0,0,,0,,,2,3.6,3.6,2.6,,95,
Derrick Harden,GNB,WR,23,3,0,0,0,0,0,0,0,0,,0,2,29,14.50,0,1,,0,,,2,3.9,4.4,2.9,,209,
Frank Harris,CHI,RB,23,3,0,0,0,0,0,0,6,23,3.83,0,0,0,,0,0,,0,,,2,2.3,2.3,2.3,,227,
Sam Harrell,MIN,RB,30,1,1,0,0,0,0,0,5,8,1.60,0,3,20,6.67,0,1,,0,,,2,4.8,5.3,3.3,,238,
Steve Harris,MIN,RB,25,2,0,0,0,0,0,0,4,3,0.75,0,2,17,8.50,0,0,,0,,,2,4.0,4.0,3.0,,232,
Marty Horn,PHI,QB,24,1,0,5,11,68,0,0,1,0,0.00,0,0,0,,0,1,,0,,,2,1.7,2.2,1.7,,94,
Garland Jean-Batiste,NOR,RB,22,3,0,0,0,0,0,0,8,18,2.25,0,0,0,,0,0,,0,,,2,1.8,1.8,1.8,,239,
E.J. Jones,DAL,RB,25,3,0,0,0,0,0,0,2,7,3.50,0,3,16,5.33,0,0,,0,,,2,5.3,5.3,3.8,,228,
Dan Land,TAM,RB,22,3,2,0,0,0,0,0,9,20,2.22,0,0,0,,0,0,,0,,,2,2.0,2.0,2.0,,233,
Brian McClure,BUF,QB,24,1,1,20,38,181,0,3,2,4,2.00,0,0,0,,0,0,,0,,,2,1.6,4.6,4.6,,95,
,,,,,,,,,,,,,,,,,,,,,,,,,,,,,,
Alvin Moore,SEA,RB,28,1,0,0,0,0,0,0,3,15,5.00,0,0,0,,0,0,,0,,,2,1.5,1.5,1.5,,243,
Leonard Moore,MIN,RB,24,1,1,0,0,0,0,0,4,11,2.75,0,1,8,8.00,0,0,,0,,,2,2.9,2.9,2.4,,236,
Larry Morris,GNB,RB,25,2,0,0,0,0,0,0,8,18,2.25,0,0,0,,0,0,,0,,,2,1.8,1.8,1.8,,240,
Kenny Nash,KAN,WR,25,1,0,0,0,0,0,0,0,0,,0,2,22,11.00,0,0,,0,,,2,4.2,4.2,3.2,,204,
Terry Nugent,IND,QB,26,1,0,3,5,47,0,0,2,1,0.50,0,0,0,,0,0,,0,,,2,2.0,2.0,2.0,,93,
Kaulana Park,NYG,RB,25,2,2,0,0,0,0,0,6,11,1.83,0,1,6,6.00,0,0,,0,,,2,2.7,2.7,2.2,,241,
Steve Pierce,CLE,WR,24,2,0,0,0,0,0,0,0,0,,0,2,21,10.50,0,0,,0,,,2,4.1,4.1,3.1,,207,
Corn Redick,GNB,WR,23,1,0,0,0,0,0,0,0,0,,0,1,18,18.00,0,0,,0,,,2,2.8,2.8,2.3,,211,
Tony Robinson,WAS,QB,23,1,0,11,18,152,0,2,2,0,0.00,0,0,0,,0,0,,0,,,2,2.1,4.1,4.1,,92,
Gene Taylor,TAM,WR,25,8,0,0,0,0,0,0,0,0,,0,2,21,10.50,0,0,,0,,,2,4.1,4.1,3.1,,208,
Andre Thomas,MIN,RB,27,1,0,0,0,0,0,0,6,4,0.67,0,2,13,6.50,0,0,,0,,,2,3.7,3.7,2.7,,242,
Keith Tinsley,CLE,WR,22,3,1,0,0,0,0,0,0,0,,0,1,17,17.00,0,0,,0,,,2,2.7,2.7,2.2,,212,
Willie Totten,BUF,QB,25,2,1,13,33,155,2,2,12,11,0.92,0,0,0,,0,9,,0,,,2,2.3,8.8,4.3,,91,
Ira Valentine,HOU,RB,24,7,0,0,0,0,0,0,5,10,2.00,0,2,10,5.00,0,0,,0,,,2,4.0,4.0,3.0,,234,
Dwight Walker,NOR,WR,28,2,0,0,0,0,0,0,0,0,,0,2,15,7.50,0,0,,0,,,2,3.5,3.5,2.5,,213,
Mark Wheeler,DET,TE,23,3,0,0,0,0,0,0,0,0,,0,2,17,8.50,0,0,,0,,,2,3.7,3.7,2.7,,94,
Mark Witte,DET,TE,28,3,3,0,0,0,0,0,0,0,,0,1,19,19.00,0,0,,0,,,2,2.9,2.9,2.4,,93,
David Archer,ATL,QB,25,9,1,9,23,95,0,2,2,8,4.00,0,0,0,,0,0,,0,,,1,0.6,2.6,2.6,,101,
Veno Belk,BUF,TE,24,2,2,0,0,0,0,0,0,0,,0,1,7,7.00,0,0,,0,,,1,1.7,1.7,1.2,,107,
Ben Bennett,CIN,QB,25,1,0,2,6,25,0,1,2,17,8.50,0,0,0,,0,0,,0,,,1,0.7,1.7,1.7,,100,
Cliff Benson,2TM,TE,26,10,3,0,0,0,0,0,0,0,,0,2,11,5.50,0,0,,0,,,1,3.1,3.1,2.1,,97,
Sam Bowers,CHI,TE,30,3,0,0,0,0,0,0,0,0,,0,1,6,6.00,0,0,,0,,,1,1.6,1.6,1.1,,108,
Jim Browne,RAI,RB,25,2,1,0,0,0,0,0,2,1,0.50,0,2,8,4.00,0,0,,0,,,1,2.9,2.9,1.9,,254,
Tom Brown,MIA,FB,23,1,0,0,0,0,0,0,3,3,1.00,0,1,6,6.00,0,0,,0,,,1,1.9,1.9,1.4,,255,
Steve Bryant,IND,WR,28,1,0,0,0,0,0,0,0,0,,0,1,12,12.00,0,0,,0,,,1,2.2,2.2,1.7,,217,
Jerry Butler,ATL,RB,26,1,0,0,0,0,0,0,1,1,1.00,0,2,7,3.50,0,0,,0,,,1,2.8,2.8,1.8,,259,
Steve Carter,TAM,WR,25,3,1,0,0,0,0,0,0,0,,0,1,12,12.00,0,0,,0,,,1,2.2,2.2,1.7,,218,
Joe Chetti,BUF,RB,24,2,0,0,0,0,0,0,0,0,,0,1,9,9.00,0,0,,0,,,1,1.9,1.9,1.4,,256,
Darryl Clark,CHI,RB,26,3,0,0,0,0,0,0,5,11,2.20,0,0,0,,0,0,,0,,,1,1.1,1.1,1.1,,249,
Charles Coleman,NYG,TE,24,3,0,0,0,0,0,0,0,0,,0,1,5,5.00,0,0,,0,,,1,1.5,1.5,1.0,,112,
,,,,,,,,,,,,,,,,,,,,,,,,,,,,,,
Jaime Covington,NYG,RB,25,2,0,0,0,0,0,0,4,0,0.00,0,1,9,9.00,0,0,,0,,,1,1.9,1.9,1.4,,257,
Glenn Dennison,WAS,TE,26,2,1,0,0,0,0,0,0,0,,0,2,8,4.00,0,0,,0,,,1,2.8,2.8,1.8,,101,
Fred DiRenzo,NYG,FB,26,1,0,0,0,0,0,0,1,5,5.00,0,0,0,,0,0,,0,,,1,0.5,0.5,0.5,,265,
Chris Dressel,SFO,TE,26,1,0,0,0,0,0,0,0,0,,0,1,8,8.00,0,0,,0,,,1,1.8,1.8,1.3,,102,
Donald Evans,RAM,RB,23,1,0,0,0,0,0,0,3,10,3.33,0,0,0,,0,0,,0,,,1,1.0,1.0,1.0,,250,
John Evans,ATL,TE,23,1,1,0,0,0,0,0,0,0,,0,1,8,8.00,0,0,,0,,,1,1.8,1.8,1.3,,103,
George Farmer,MIA,WR,29,1,0,0,0,0,0,0,0,0,,0,1,5,5.00,0,0,,0,,,1,1.5,1.5,1.0,,226,
Todd Fowler,DAL,TE,25,12,1,0,0,0,0,0,0,0,,0,1,6,6.00,0,0,,0,,,1,1.6,1.6,1.1,,109,
Byron Franklin,SEA,WR,29,6,0,0,0,0,0,0,0,0,,0,1,7,7.00,0,0,,0,,,1,1.7,1.7,1.2,,224,
Derrick Gaffney,NYJ,WR,32,2,0,0,0,0,0,0,0,0,,0,1,10,10.00,0,0,,0,,,1,2.0,2.0,1.5,,220,
Willie Gillus,GNB,QB,24,1,0,2,5,28,0,0,0,0,,0,0,0,,0,0,,0,,,1,1.1,1.1,1.1,,97,
William Harris,STL,TE,22,10,3,0,0,0,0,0,0,0,,0,1,8,8.00,0,0,,0,,,1,1.8,1.8,1.3,,104,
Bernard Henry,RAM,WR,27,3,2,0,0,0,0,0,0,0,,0,1,13,13.00,0,0,,0,,,1,2.3,2.3,1.8,,215,
Walter Holman,WAS,RB,28,3,0,0,0,0,0,0,2,7,3.50,0,0,0,,0,0,,0,,,1,0.7,0.7,0.7,,261,
Arrike James,HOU,RB,23,3,0,0,0,0,0,0,0,0,,0,1,14,14.00,0,0,,0,,,1,2.4,2.4,1.9,,244,
Craig James,NWE,FB,26,2,0,0,0,0,0,0,4,10,2.50,0,0,0,,0,0,,0,,,1,1.0,1.0,1.0,,251,
Kelley Johnson,IND,WR,25,3,0,0,0,0,0,0,0,0,,0,1,15,15.00,0,1,,0,,,1,1.5,2.0,1.0,,227,
Richard Johnson,WAS,WR,26,1,0,0,0,0,0,0,0,0,,0,1,5,5.00,0,0,,0,,,1,1.5,1.5,1.0,,228,
Chris Kelley,CLE,TE,23,2,0,0,0,0,0,0,0,0,,0,0,0,,0,0,,0,,,1,1.0,1.0,1.0,,98,
Nick Kowgios,DET,RB,25,3,0,0,0,0,0,0,1,2,2.00,0,1,3,3.00,0,0,,0,,,1,1.5,1.5,1.0,,266,
Robert Lavette,2TM,RB,24,5,0,0,0,0,0,0,0,0,,0,1,6,6.00,0,0,,0,,,1,1.6,1.6,1.1,,263,
Dave Little,PHI,TE,26,12,0,0,0,0,0,0,0,0,,0,1,8,8.00,0,0,,0,,,1,1.8,1.8,1.3,,105,
Ken Margerum,SFO,WR,29,2,0,0,0,0,0,0,0,0,,0,1,7,7.00,0,0,,0,,,1,1.7,1.7,1.2,,225,
Marc May,MIN,TE,29,3,3,0,0,0,0,0,0,0,,0,1,22,22.00,0,1,,0,,,1,2.2,2.7,1.7,,96,
Monte McGuire,DEN,QB,23,2,0,2,3,23,0,0,0,0,,0,0,0,,0,0,,0,,,1,0.9,0.9,0.9,,98,
Chuck McSwain,NWE,RB,26,3,1,0,0,0,0,0,9,23,2.56,0,0,0,,0,1,,0,,,1,1.3,1.8,1.3,,246,
Bobby Morse,PHI,RB,22,11,0,0,0,0,0,0,6,14,2.33,0,1,8,8.00,0,1,,0,,,1,2.2,2.7,1.7,,248,
Mike Mularkey,MIN,TE,26,9,0,0,0,0,0,0,0,0,,0,1,6,6.00,0,0,,0,,,1,1.6,1.6,1.1,,110,
Tony Paige,DET,RB,25,5,0,0,0,0,0,0,4,13,3.25,0,2,1,0.50,0,0,,0,,,1,3.4,3.4,2.4,,245,
Russell Payne,DEN,TE,22,1,0,0,0,0,0,0,0,0,,0,1,8,8.00,0,0,,0,,,1,1.8,1.8,1.3,,106,
,,,,,,,,,,,,,,,,,,,,,,,,,,,,,,
Clay Pickering,NWE,WR,26,1,0,0,0,0,0,0,0,0,,0,1,10,10.00,0,0,,0,,,1,2.0,2.0,1.5,,221,
Dan Reeder,PIT,RB,26,2,0,0,0,0,0,0,2,8,4.00,0,0,0,,0,0,,0,,,1,0.8,0.8,0.8,,260,
Pete Roth,MIA,RB,25,3,0,0,0,0,0,0,3,10,3.33,0,0,0,,0,0,,0,,,1,1.0,1.0,1.0,,252,
Ed Schenk,MIN,TE,27,3,0,0,0,0,0,0,0,0,,0,1,10,10.00,0,0,,0,,,1,2.0,2.0,1.5,,99,
Chuck Scott,DAL,WR,24,2,0,0,0,0,0,0,0,0,,0,1,11,11.00,0,0,,0,,,1,2.1,2.1,1.6,,219,
Dan Sharp,ATL,TE,25,9,0,0,0,0,0,0,0,0,,0,2,6,3.00,0,0,,0,,,1,2.6,2.6,1.6,,111,
Jimmy Smith,MIN,RB,27,1,1,0,0,0,0,0,7,13,1.86,0,0,0,,0,0,,0,,,1,1.3,1.3,1.3,,247,
Loren Snyder,DAL,QB,24,2,0,4,9,44,0,0,2,0,0.00,0,0,0,,0,1,,0,,,1,0.8,1.3,0.8,,99,
Anthony Steels,SDG,RB,28,2,0,0,0,0,0,0,1,3,3.00,0,1,4,4.00,0,0,,0,,,1,1.7,1.7,1.2,,262,
John Sterling,GNB,RB,23,2,0,0,0,0,0,0,5,20,4.00,0,0,0,,0,1,,0,,,1,1.0,1.5,1.0,,253,
Ralph Stockemer,KAN,RB,25,2,0,0,0,0,0,0,1,2,2.00,0,1,4,4.00,0,0,,0,,,1,1.6,1.6,1.1,,264,
Curtland Thomas,NOR,WR,25,2,0,0,0,0,0,0,0,0,,0,1,14,14.00,0,0,,0,,,1,2.4,2.4,1.9,,214,
David Verser,CLE,WR,29,2,1,0,0,0,0,0,1,9,9.00,0,0,0,,0,0,,0,,,1,0.9,0.9,0.9,,222,
Louis Watson,CLE,WR,24,2,0,0,0,0,0,0,0,0,,0,1,9,9.00,0,0,,0,,,1,1.9,1.9,1.4,,223,
Remi Watson,CLE,WR,23,1,0,0,0,0,0,0,0,0,,0,1,13,13.00,0,0,,0,,,1,2.3,2.3,1.8,,216,
Alonzo Williams,RAM,RB,24,3,0,0,0,0,0,0,2,9,4.50,0,0,0,,0,0,,0,,,1,0.9,0.9,0.9,,258,
Theo Young,PIT,TE,22,12,1,0,0,0,0,0,0,0,,0,2,10,5.00,0,0,,0,,,1,3.0,3.0,2.0,,100,
Jim Zorn,TAM,QB,34,1,1,20,36,199,0,2,4,4,1.00,0,0,0,,0,3,,0,,,1,1.4,4.9,3.4,,96,
Beau Almodobar,NYG,WR,25,2,0,0,0,0,0,0,0,0,,0,0,0,,0,,,0,,,,,,,,230,
Mel Anderson,PIT,WR,22,2,0,0,0,0,0,0,0,0,,0,0,0,,0,0,,0,,,,,,,,231,
Roy Banks,IND,WR,22,1,0,0,0,0,0,0,0,0,,0,0,0,,0,,,0,,,,,,,,232,
Marion Barber Jr.,NYJ,RB,28,12,0,0,0,0,0,0,0,0,,0,0,0,,0,0,,0,,,,,,,,274,
Clayton Beauford,CLE,WR,24,1,0,0,0,0,0,0,0,0,,0,0,0,,0,0,,0,,,,,,,,233,
Jesse Bendross,PHI,WR,25,3,0,0,0,0,0,0,0,0,,0,0,0,,0,,,0,,,,,,,,234,
Frank Bianchini,NWE,RB,26,1,0,0,0,0,0,0,0,0,,0,0,0,,0,,,0,,,,,,,,275,
Keiron Bigby,WAS,WR,21,1,0,0,0,0,0,0,0,0,,0,0,0,,0,,,0,,,,,,,,235,
Todd Black,CHI,WR,23,1,0,0,0,0,0,0,0,0,,0,0,0,,0,,,0,,,,,,,,236,
Greg Boone,TAM,RB,25,2,0,0,0,0,0,0,1,2,2.00,0,0,0,,0,0,,0,,,,0.2,0.2,0.2,,270,
Rich Borresen,DAL,TE,23,3,3,0,0,0,0,0,0,0,,0,0,0,,0,0,,0,,,,,,,,114,
Ken Brown,CIN,WR,22,3,3,0,0,0,0,0,0,0,,0,0,0,,0,0,,0,,,,,,,,237,
,,,,,,,,,,,,,,,,,,,,,,,,,,,,,,
Larry Brown,MIN,WR,24,1,0,0,0,0,0,0,0,0,,0,0,0,,0,,,0,,,,,,,,238,
Ray Brown,SFO,WR,22,1,0,0,0,0,0,0,0,0,,0,0,0,,0,,,0,,,,,,,,239,
Tom Brown,CIN,WR,24,2,0,0,0,0,0,0,0,0,,0,0,0,,0,,,0,,,,,,,,240,
Cullen Bryant,RAM,RB,36,3,0,0,0,0,0,0,1,2,2.00,0,0,0,,0,0,,0,,,,0.2,0.2,0.2,,271,
Joe Burke,NYJ,RB,26,2,0,0,0,0,0,0,0,0,,0,0,0,,0,,,0,,,,,,,,276,
Brian Carey,NWE,WR,24,2,0,0,0,0,0,0,0,0,,0,0,0,,0,,,0,,,,,,,,241,
Mel Carver,IND,RB,28,1,0,0,0,0,0,0,2,3,1.50,0,0,0,,0,0,,0,,,,0.3,0.3,0.3,,267,
Matt Cavanaugh,PHI,QB,31,3,0,0,0,0,0,0,1,-2,-2.00,0,0,0,,0,0,,0,,,,-0.2,-0.2,-0.2,,107,
Louis Clark,SEA,WR,23,2,0,0,0,0,0,0,0,0,,0,0,0,,0,,,0,,,,,,,,242,
Spark Clark,PIT,RB,22,1,0,0,0,0,0,0,0,0,,0,0,0,,0,0,,0,,,,,,,,277,
Clarence Collins,STL,WR,25,1,0,0,0,0,0,0,0,0,,0,0,0,,0,,,0,,,,,,,,243,
Kelly Cook,GNB,RB,25,11,0,0,0,0,0,0,2,3,1.50,0,0,0,,0,0,,0,,,,0.3,0.3,0.3,,268,
Chris Corley,SEA,TE,24,1,0,0,0,0,0,0,0,0,,0,0,0,,0,,,0,,,,,,,,115,
Vince Courville,DAL,WR,28,2,0,0,0,0,0,0,0,0,,0,0,0,,0,,,0,,,,,,,,244,
Charles Crawford,PHI,RB,23,2,0,0,0,0,0,0,0,0,,0,0,0,,0,0,,0,,,,,,,,278,
Mike Crawford,CLE,RB,23,3,0,0,0,0,0,0,0,0,,0,0,0,,0,,,0,,,,,,,,279,
Mack Cummings,NYG,WR,28,1,0,0,0,0,0,0,0,0,,0,0,0,,0,0,,0,,,,,,,,245,
Mitch Daum,HOU,TE,24,2,0,0,0,0,0,0,0,0,,0,0,0,,0,,,0,,,,,,,,116,
Bruce Davis,SDG,WR,24,1,0,0,0,0,0,0,0,0,,0,0,0,,0,0,,0,,,,,,,,246,
Johnny Davis,CLE,RB,31,1,0,0,0,0,0,0,1,7,7.00,0,0,0,,0,1,,0,,,,-0.3,0.2,-0.3,,308,
Jerry Diorio,DET,TE,25,2,0,0,0,0,0,0,0,0,,0,0,0,,0,,,0,,,,,,,,117,
K.D. Dunn,WAS,TE,24,3,0,0,0,0,0,0,0,0,,0,0,0,,0,,,0,,,,,,,,118,
Scott Eccles,HOU,TE,24,1,0,0,0,0,0,0,0,0,,0,0,0,,0,,,0,,,,,,,,119,
Donnie Echols,CLE,TE,30,3,0,0,0,0,0,0,0,0,,0,0,0,,0,0,,0,,,,,,,,120,
Clifton Eley,MIN,TE,26,2,0,0,0,0,0,0,0,0,,0,0,0,,0,,,0,,,,,,,,121,
Jon Embree,RAM,TE,22,1,0,0,0,0,0,0,0,0,,0,0,0,,0,,,0,,,,,,,,122,
James Evans,KAN,RB,24,2,0,0,0,0,0,0,0,0,,0,0,0,,0,,,0,,,,,,,,280,
Russell Evans,SEA,WR,22,1,0,0,0,0,0,0,0,0,,0,0,0,,0,,,0,,,,,,,,247,
Ron Fazio,PHI,TE,25,1,0,0,0,0,0,0,0,0,,0,0,0,,0,,,0,,,,,,,,123,
Todd Feldman,MIA,WR,25,1,0,0,0,0,0,0,0,0,,0,0,0,,0,,,0,,,,,,,,248,
,,,,,,,,,,,,,,,,,,,,,,,,,,,,,,
Kevin Ferguson,SDG,TE,22,3,0,0,0,0,0,0,0,0,,0,0,0,,0,,,0,,,,,,,,124,
Kevin Fitzgerald,GNB,TE,23,1,0,0,0,0,0,0,0,0,,0,0,0,,0,,,0,,,,,,,,125,
Brendan Folmar,DET,QB,23,1,0,0,0,0,0,0,0,0,,0,0,0,,0,,,0,,,,,,,,103,
Steve Folsom,DAL,TE,29,9,0,0,0,0,0,0,0,0,,0,0,0,,0,,,0,,,,,,,,126,
Moses Ford,PIT,WR,23,1,0,0,0,0,0,0,0,0,,0,0,0,,0,,,0,,,,,,,,249,
Arnold Franklin,NWE,TE,24,3,0,0,0,0,0,0,0,0,,0,0,0,,0,,,0,,,,,,,,127,
Pat Franklin,CIN,RB,24,2,0,0,0,0,0,0,0,0,,0,0,0,,0,,,0,,,,,,,,281,
Owen Gill,RAM,RB,25,1,0,0,0,0,0,0,0,0,,0,0,0,,0,,,0,,,,,,,,282,
Don Goodman,STL,RB,30,3,0,0,0,0,0,0,0,0,,0,0,0,,0,,,0,,,,,,,,283,
Darren Gottschalk,NOR,TE,23,1,0,0,0,0,0,0,0,0,,0,0,0,,0,,,0,,,,,,,,128,
Sam Graddy,DEN,WR,23,1,0,0,0,0,0,0,0,0,,0,0,0,,0,,,0,,,,,,,,250,
Stephen Griffin,KAN,RB,23,1,0,0,0,0,0,0,0,0,,0,0,0,,0,0,,0,,,,,,,,284,
Steve Griffin,ATL,RB,24,4,0,0,0,0,0,0,1,-2,-2.00,0,0,0,,0,0,,0,,,,-0.2,-0.2,-0.2,,307,
Steve Griffin,ATL,WR,23,2,0,0,0,0,0,0,0,0,,0,0,0,,0,,,0,,,,,,,,251,
Joey Hackett,GNB,TE,29,11,0,0,0,0,0,0,0,0,,0,0,0,,0,,,0,,,,,,,,129,
Mike Hagen,SEA,RB,28,2,1,0,0,0,0,0,2,3,1.50,0,0,0,,0,0,,0,,,,0.3,0.3,0.3,,269,
Kris Haines,BUF,WR,30,1,0,0,0,0,0,0,0,0,,0,0,0,,0,,,0,,,,,,,,252,
Kwante Hampton,ATL,WR,24,1,0,0,0,0,0,0,0,0,,0,0,0,,0,,,0,,,,,,,,253,
Herbert Harris,NOR,WR,26,2,0,0,0,0,0,0,0,0,,0,0,0,,0,,,0,,,,,,,,254,
Vic Harrison,NOR,WR,26,3,0,0,0,0,0,0,0,0,,0,0,0,,0,,,0,,,,,,,,255,
Allen Harvin,WAS,RB,28,1,0,0,0,0,0,0,0,0,,0,0,0,,0,,,0,,,,,,,,285,
Tim Hendrix,DAL,TE,22,3,0,0,0,0,0,0,0,0,,0,0,0,,0,,,0,,,,,,,,130,
Thomas Henley,SFO,WR,22,1,1,0,0,0,0,0,0,0,,0,0,0,,0,0,,0,,,,,,,,256,
Eric Hodges,KAN,WR,23,1,0,0,0,0,0,0,0,0,,0,0,0,,0,,,0,,,,,,,,257,
Derek Holloway,TAM,WR,26,1,0,0,0,0,0,0,0,0,,0,0,0,,0,,,0,,,,,,,,258,
Melvin Hoover,DET,WR,28,2,0,0,0,0,0,0,0,0,,0,0,0,,0,,,0,,,,,,,,259,
Tony Hunter,GNB,RB,24,1,0,0,0,0,0,0,1,0,0.00,0,0,0,,0,0,,0,,,,,,,,286,
David Jackson,TAM,WR,22,1,0,0,0,0,0,0,0,0,,0,0,0,,0,,,0,,,,,,,,260,
Craig Jay,GNB,TE,24,3,2,0,0,0,0,0,0,0,,0,0,0,,0,,,0,,,,,,,,131,
Curtis Jeffries,CIN,TE,23,3,0,0,0,0,0,0,0,0,,0,0,0,,0,,,0,,,,,,,,132,
,,,,,,,,,,,,,,,,,,,,,,,,,,,,,,
Gilvanni Johnson,DET,WR,24,3,0,0,0,0,0,0,0,0,,0,0,0,,0,,,0,,,,,,,,261,
Herbert Johnson,CHI,WR,24,3,0,0,0,0,0,0,0,0,,0,0,0,,0,,,0,,,,,,,,262,
Nate Johnson,NOR,RB,24,1,0,0,0,0,0,0,0,0,,0,0,0,,0,,,0,,,,,,,,287,
Ron Johnson,PHI,WR,29,3,0,0,0,0,0,0,0,0,,0,0,0,,0,,,0,,,,,,,,263,
Anthony Jones,WAS,TE,27,2,0,0,0,0,0,0,0,0,,0,0,0,,0,,,0,,,,,,,,133,
Kirk Jones,CLE,RB,22,1,0,0,0,0,0,0,0,0,,0,0,0,,0,,,0,,,,,,,,288,
Bob Keseday,STL,TE,22,3,0,0,0,0,0,0,0,0,,0,0,0,,0,,,0,,,,,,,,134,
Keith Kidd,MIN,WR,25,1,0,0,0,0,0,0,0,0,,0,0,0,,0,,,0,,,,,,,,264,
Terry LeCount,MIN,WR,31,1,0,0,0,0,0,0,0,0,,0,0,0,,0,,,0,,,,,,,,265,
Zeph Lee,2TM,FB,24,3,0,0,0,0,0,0,0,0,,0,0,0,,0,,,0,,,,,,,,289,
Keith Lester,IND,TE,25,1,0,0,0,0,0,0,0,0,,0,0,0,,0,,,0,,,,,,,,135,
Mark Lewis,2TM,TE,26,10,2,0,0,0,0,0,0,0,,0,0,0,,0,,,0,,,,,,,,136,
Kerry Locklin,DEN,TE,28,3,0,0,0,0,0,0,0,0,,0,0,0,,0,,,0,,,,,,,,137,
Wade Lockett,RAI,WR,23,2,0,0,0,0,0,0,0,0,,0,0,0,,0,,,0,,,,,,,,266,
Warren Loving,BUF,RB,27,2,0,0,0,0,0,0,0,0,,0,0,0,,0,,,0,,,,,,,,290,
Warren Marshall,DEN,RB,23,1,0,0,0,0,0,0,0,0,,0,0,0,,0,,,0,,,,,,,,291,
Tracy Martin,NYJ,WR,23,12,0,0,0,0,0,0,0,0,,0,0,0,,0,0,,0,,,,,,,,267,
Adrian McBride,STL,WR,24,3,0,0,0,0,0,0,0,0,,0,0,0,,0,,,0,,,,,,,,268,
Mike McCloskey,PHI,TE,26,1,0,0,0,0,0,0,0,0,,0,0,0,,0,,,0,,,,,,,,138,
Ron Middleton,ATL,TE,22,12,4,0,0,0,0,0,0,0,,0,1,1,1.00,0,0,,0,,,,1.1,1.1,0.6,,113,
Jeff Modesitt,TAM,TE,23,1,0,0,0,0,0,0,0,0,,0,0,0,,0,,,0,,,,,,,,139,
Tim Newman,NYJ,RB,23,1,0,0,0,0,0,0,0,0,,0,0,0,,0,,,0,,,,,,,,292,
Don Noble,RAM,TE,22,2,0,0,0,0,0,0,0,0,,0,0,0,,0,,,0,,,,,,,,140,
John O'Callaghan,SEA,TE,23,1,0,0,0,0,0,0,0,0,,0,0,0,,0,,,0,,,,,,,,141,
Darryl Oliver,ATL,RB,23,2,0,0,0,0,0,0,1,0,0.00,0,1,2,2.00,0,0,,0,,,,1.2,1.2,0.7,,272,
Keith Ortego,CHI,WR,24,8,0,0,0,0,0,0,0,0,,0,0,0,,0,,,0,,,,,,,,269,
Mike Pagel,CLE,QB,27,4,0,0,0,0,0,0,0,0,,0,0,0,,0,,,0,,,,,,,,104,
Mike Panepinto,BUF,RB,22,1,0,0,0,0,0,0,0,0,,0,0,0,,0,,,0,,,,,,,,293,
Andy Parker,RAI,TE,26,12,0,0,0,0,0,0,0,0,,0,0,0,,0,0,,0,,,,,,,,142,
Jeff Parks,HOU,TE,23,7,0,0,0,0,0,0,0,0,,0,0,0,,0,,,0,,,,,,,,143,
,,,,,,,,,,,,,,,,,,,,,,,,,,,,,,
Joe Phillips,WAS,WR,24,2,0,0,0,0,0,0,0,0,,0,0,0,,0,,,0,,,,,,,,270,
Shelley Poole,ATL,RB,23,1,0,0,0,0,0,0,0,0,,0,0,0,,0,,,0,,,,,,,,294,
Kerry Porter,BUF,RB,23,6,0,0,0,0,0,0,2,0,0.00,0,0,0,,0,0,,0,,,,,,,,295,
Jeff Powell,SDG,RB,24,1,0,0,0,0,0,0,0,0,,0,0,0,,0,,,0,,,,,,,,296,
Floyd Raglin,MIA,WR,26,2,0,0,0,0,0,0,0,0,,0,0,0,,0,,,0,,,,,,,,271,
Derrick Ramsey,DET,TE,31,1,0,0,0,0,0,0,0,0,,0,0,0,,0,,,0,,,,,,,,144,
Alan Reid,PHI,RB,27,1,0,0,0,0,0,0,0,0,,0,0,0,,0,0,,0,,,,,,,,297,
Jim Riggs,CIN,TE,24,9,0,0,0,0,0,0,0,0,,0,0,0,,0,,,0,,,,,,,,145,
Bobby Riley,NYJ,WR,23,1,0,0,0,0,0,0,0,0,,0,0,0,,0,,,0,,,,,,,,272,
Tim Riordan,NOR,QB,27,1,0,0,1,0,0,0,1,3,3.00,0,0,0,,0,0,,0,,,,0.3,0.3,0.3,,102,
Dave Romasko,CIN,RB,24,3,3,0,0,0,0,0,0,0,,0,0,0,,0,0,,0,,,,,,,,298,
Joe Rose,RAM,TE,30,1,0,0,0,0,0,0,0,0,,0,0,0,,0,,,0,,,,,,,,146,
Ken Sager,SEA,TE,24,3,1,0,0,0,0,0,0,0,,0,0,0,,0,,,0,,,,,,,,147,
Turk Schonert,CIN,QB,30,11,0,0,0,0,0,0,0,0,,0,0,0,,0,,,0,,,,,,,,105,
Warren Seitz,NYG,WR,25,2,0,0,0,0,0,0,0,0,,0,0,0,,0,,,0,,,,,,,,273,
Stanley Shakespeare,TAM,WR,24,1,0,0,0,0,0,0,0,0,,0,0,0,,0,,,0,,,,,,,,274,
Derrick Shepard,WAS,WR,23,2,1,0,0,0,0,0,0,0,,0,0,0,,0,0,,0,,,,,,,,275,
James Shibest,ATL,WR,23,1,1,0,0,0,0,0,0,0,,0,0,0,,0,,,0,,,,,,,,276,
Eric Sievers,SDG,TE,30,12,1,0,0,0,0,0,0,0,,0,0,0,,0,,,0,,,,,,,,148,
Rich Siler,MIA,TE,24,1,0,0,0,0,0,0,0,0,,0,0,0,,0,,,0,,,,,,,,149,
Joe Silipo,BUF,TE,30,1,1,0,0,0,0,0,0,0,,0,0,0,,0,,,0,,,,,,,,150,
Reggie Sims,CIN,TE,25,1,0,0,0,0,0,0,0,0,,0,0,0,,0,,,0,,,,,,,,151,
Wes Smith,GNB,WR,24,1,0,0,0,0,0,0,0,0,,0,0,0,,0,,,0,,,,,,,,277,
Donald Snell,SEA,WR,22,1,0,0,0,0,0,0,0,0,,0,0,0,,0,,,0,,,,,,,,278,
Chad Stark,SEA,RB,22,2,0,0,0,0,0,0,0,0,,0,0,0,,0,,,0,,,,,,,,299,
Cliff Stoudt,STL,QB,32,12,0,0,1,0,0,0,1,-2,-2.00,0,0,0,,0,0,,0,,,,-0.2,-0.2,-0.2,,108,
Wilbur Strozier,SEA,TE,23,12,3,0,0,0,0,0,0,0,,0,0,0,,0,,,0,,,,,,,,152,
George Swarn,CLE,RB,23,1,0,0,0,0,0,0,0,0,,0,0,0,,0,,,0,,,,,,,,300,
Bob Thompson,DEN,WR,25,2,0,0,0,0,0,0,0,0,,0,0,0,,0,,,0,,,,,,,,279,
Derrick Thomas,TAM,RB,22,1,0,0,0,0,0,0,1,2,2.00,0,0,0,,0,0,,0,,,,0.2,0.2,0.2,,273,
,,,,,,,,,,,,,,,,,,,,,,,,,,,,,,
Joe Thomas,NOR,WR,24,1,0,0,0,0,0,0,0,0,,0,0,0,,0,,,0,,,,,,,,280,
Casey Tiumalu,RAM,RB,26,3,0,0,0,0,0,0,0,0,,0,0,0,,0,0,,0,,,,,,,,301,
Dave Truitt,WAS,TE,23,1,0,0,0,0,0,0,0,0,,0,0,0,,0,,,0,,,,,,,,153,
Travis Tucker,CLE,TE,24,4,0,0,0,0,0,0,0,0,,0,0,0,,0,,,0,,,,,,,,154,
Maurice Turner,NYJ,RB,27,1,0,0,0,0,0,0,0,0,,0,0,0,,0,,,0,,,,,,,,302,
Willie Turral,PHI,RB,23,1,0,0,0,0,0,0,0,0,,0,0,0,,0,0,,0,,,,,,,,303,
Rodney Tweet,CIN,WR,23,2,0,0,0,0,0,0,0,0,,0,0,0,,0,,,0,,,,,,,,281,
Herkie Walls,TAM,WR,26,2,2,0,0,0,0,0,0,0,,0,1,13,13.00,0,1,,0,,,,1.3,1.8,0.8,,229,
Riley Walton,KAN,TE,25,2,0,0,0,0,0,0,0,0,,0,0,0,,0,,,0,,,,,,,,155,
Mike Wells,SFO,TE,25,1,1,0,0,0,0,0,0,0,,0,0,0,,0,0,,0,,,,,,,,156,
Lawrence White,CHI,WR,24,2,0,0,0,0,0,0,0,0,,0,0,0,,0,0,,0,,,,,,,,282,
Gary Wilkins,BUF,TE,24,1,0,0,0,0,0,0,0,0,,0,0,0,,0,,,0,,,,,,,,157,
Jim Williams,SEA,RB,24,1,0,0,0,0,0,0,0,0,,0,0,0,,0,,,0,,,,,,,,304,
Joel Williams,MIA,TE,22,3,0,0,0,0,0,0,0,0,,0,0,0,,0,,,0,,,,,,,,158,
John Williams,IND,RB,27,2,0,0,0,0,0,0,0,0,,0,0,0,,0,,,0,,,,,,,,305,
Marv Williams,WAS,TE,24,2,0,0,0,0,0,0,0,0,,0,0,0,,0,,,0,,,,,,,,159,
Ricky Williams,RAI,RB,27,1,0,0,0,0,0,0,0,0,,0,0,0,,0,,,0,,,,,,,,306,
Scott Woolf,RAI,QB,26,1,0,0,0,0,0,0,0,0,,0,0,0,,0,,,0,,,,,,,,106,
Glen Young,CLE,WR,27,10,0,0,0,0,0,0,0,0,,0,0,0,,0,0,,0,,,,,,,,283,
Geno Zimmerlink,ATL,TE,24,3,1,0,0,0,0,0,0,0,,0,0,0,,0,,,0,,,,,,,,160,
Ed Blount,SFO,QB,23,1,0,0,0,0,0,0,1,0,0.00,0,0,0,,0,1,,0,,,-1,-1.0,-0.5,-1.0,,111,
Ralph Britt,PIT,TE,22,3,0,0,0,0,0,0,0,0,,0,0,0,,0,1,,0,,,-1,-1.0,-0.5,-1.0,,161,
Darryl Clack,DAL,RB,24,12,0,0,0,0,0,0,0,0,,0,0,0,,0,1,,0,,,-1,-1.0,-0.5,-1.0,,310,
Bobby Joe Edmonds,SEA,RB,23,11,0,0,0,0,0,0,0,0,,0,0,0,,0,1,,0,,,-1,-1.0,-0.5,-1.0,,311,
Alex Espinoza,KAN,QB,23,1,0,9,14,69,0,2,1,5,5.00,0,0,0,,0,0,,0,,,-1,-0.7,1.3,1.3,,110,
Rich Gannon,MIN,QB,22,4,0,2,6,18,0,1,0,0,,0,0,0,,0,0,,0,,,-1,-1.3,-0.3,-0.3,,115,
Doug Hudson,KAN,QB,23,1,1,0,1,0,0,0,1,0,0.00,0,0,0,,0,1,,0,,,-1,-1.0,-0.5,-1.0,,112,
Guido Merkens,PHI,QB,32,3,0,7,14,70,0,0,3,-8,-2.67,0,0,0,,0,3,,0,,,-1,-1.0,0.5,-1.0,,113,
Hugh Millen,RAM,QB,24,1,0,1,1,0,0,0,0,0,,0,0,0,,0,1,,0,,,-1,-1.0,-0.5,-1.0,,114,
Greg Richardson,MIN,WR,23,2,0,0,0,0,0,0,0,0,,0,0,0,,0,1,,0,,,-1,-1.0,-0.5,-1.0,,286,
,,,,,,,,,,,,,,,,,,,,,,,,,,,,,,
Reggie Smith,NYJ,WR,31,1,0,0,0,0,0,0,0,0,,0,0,0,,0,1,,0,,,-1,-1.0,-0.5,-1.0,,287,
Mark Walczak,2TM,TE,25,10,0,0,0,0,0,0,0,0,,0,0,0,,0,1,,0,,,-1,-1.0,-0.5,-1.0,,162,
Todd Whitten,NWE,QB,22,1,0,0,0,0,0,0,2,-6,-3.00,0,0,0,,0,0,,0,,,-1,-0.6,-0.6,-0.6,,109,
Chris Woods,RAI,WR,25,9,1,0,0,0,0,0,0,0,,0,1,14,14.00,0,2,,0,,,-1,0.4,1.4,-0.1,,285,
Eric Yarber,WAS,WR,24,12,0,0,0,0,0,0,0,0,,0,1,5,5.00,0,1,,0,,,-1,0.5,1.0,,,284,
Ken Zachary,SDG,RB,24,3,0,0,0,0,0,0,1,3,3.00,0,0,0,,0,1,,0,,,-1,-0.7,-0.2,-0.7,,309,
Walter Briggs,NYJ,QB,22,1,0,0,2,0,0,1,1,4,4.00,0,0,0,,0,0,,0,,,-2,-1.6,-0.6,-0.6,,116,
Michael Clemons,KAN,RB,22,8,0,0,0,0,0,0,2,7,3.50,0,0,0,,0,3,,0,,,-2,-2.3,-0.8,-2.3,,312,
Sam Johnson,RAM,WR,23,3,1,0,0,0,0,0,0,0,,0,0,0,,0,2,,0,,,-2,-2.0,-1.0,-2.0,,288,
Dan Manucci,BUF,QB,30,3,1,7,21,68,0,2,4,6,1.50,0,0,0,,0,1,,0,,,-2,-1.7,0.8,0.3,,118,
Dean May,DEN,QB,25,3,0,0,5,0,0,1,2,-4,-2.00,0,0,0,,0,0,,0,,,-2,-2.4,-1.4,-1.4,,122,
Larry Miller,MIN,QB,25,2,0,1,6,2,0,1,1,-1,-1.00,0,0,0,,0,0,,0,,,-2,-2.0,-1.0,-1.0,,120,
Mark Miller,BUF,QB,25,1,0,1,3,9,0,1,0,0,,0,0,0,,0,0,,0,,,-2,-1.6,-0.6,-0.6,,117,
Sean Salisbury,IND,QB,24,2,0,8,12,68,0,2,0,0,,0,0,0,,0,1,,0,,,-2,-2.3,0.2,-0.3,,121,
Scott Stankavage,MIA,QB,25,3,0,4,7,8,0,1,0,0,,0,0,0,,0,0,,0,,,-2,-1.7,-0.7,-0.7,,119,
Steve Tasker*,BUF,WR,25,12,0,0,0,0,0,0,0,0,,0,0,0,,0,2,,0,,,-2,-2.0,-1.0,-2.0,,289,
Gary Kubiak,DEN,QB,26,12,0,3,7,25,0,2,1,3,3.00,0,0,0,,0,0,,0,,,-3,-2.7,-0.7,-0.7,,124,
Mark Vlasic,SDG,QB,24,1,0,3,6,8,0,1,0,0,,0,0,0,,0,1,,0,,,-3,-2.7,-1.2,-1.7,,123,
Bubby Brister,PIT,QB,25,2,0,4,12,20,0,3,0,0,,0,0,0,,0,0,,0,,,-5,-5.2,-2.2,-2.2,,125,
Scott Schwedes,MIA,WR,22,12,0,0,0,0,0,0,0,0,,0,0,0,,0,7,,0,,,-7,-7.0,-3.5,-7.0,,290,
