Player,Tm,FantPos,Age,G,GS,Cmp,Att,Yds,TD,Int,Att,Yds,Y/A,TD,Tgt,Rec,Yds,Y/R,TD,Fmb,FL,TD,2PM,2PP,FantPt,PPR,DKPt,FDPt,VBD,PosRank,OvRank
Terrell Davis*+,DEN,RB,26,16,16,0,0,0,0,0,392,2008,5.12,21,38,25,217,8.68,2,2,2,23,,,357,381.5,389.5,369.0,233,1,1
Jamal Anderson*+,ATL,RB,26,16,16,0,2,0,0,0,410,1846,4.50,14,46,27,319,11.81,2,5,2,16,1,,311,337.5,345.5,324.0,187,2,2
Steve Young*,SFO,QB,37,15,15,322,517,4170,36,12,70,454,6.49,6,0,0,0,,0,9,6,6,,4,364,364.2,388.2,376.2,168,1,3
Marshall Faulk*,IND,RB,25,16,15,0,0,0,0,0,324,1319,4.07,6,106,86,908,10.56,4,3,2,10,,,279,364.7,372.7,321.7,155,3,4
Fred Taylor,JAX,RB,22,15,12,0,0,0,0,0,264,1223,4.63,14,53,44,421,9.57,3,3,2,17,,,262,306.4,314.4,284.4,139,4,5
Garrison Hearst*,SFO,RB,27,16,16,0,0,0,0,0,310,1570,5.06,7,56,39,535,13.72,2,4,3,9,1,,261,299.5,308.5,280.0,137,5,6
Randy Moss*+,MIN,WR,21,16,11,0,0,0,0,0,1,4,4.00,0,124,69,1313,19.03,17,2,,17,2,,238,306.7,309.7,272.2,113,1,7
Emmitt Smith*,DAL,RB,29,16,16,0,0,0,0,0,319,1332,4.18,13,32,27,175,6.48,2,3,2,15,,,237,263.7,271.7,250.2,113,6,8
Antonio Freeman*+,GNB,WR,26,15,15,0,0,0,0,0,3,5,1.67,0,153,84,1424,16.95,14,0,,14,1,,229,312.9,315.9,270.9,105,2,9
Ricky Watters,SEA,RB,29,16,16,1,1,1,1,0,319,1239,3.88,9,73,52,373,7.17,0,4,2,9,1,,217,269.2,277.2,243.2,94,7,10
Curtis Martin*,NYJ,RB,25,15,15,0,0,0,0,0,369,1287,3.49,8,57,43,365,8.49,1,5,1,9,,,217,260.2,267.2,238.7,94,8,11
Randall Cunningham*+,MIN,QB,35,15,14,259,425,3704,34,10,32,132,4.13,1,1,1,-3,-3.00,0,2,1,1,1,2,287,288.1,305.1,297.6,91,2,12
Robert Edwards,NWE,RB,24,16,15,0,0,0,0,0,291,1115,3.83,9,52,35,331,9.46,3,5,1,12,,,215,249.6,256.6,232.1,91,9,13
Terrell Owens,SFO,WR,25,16,10,0,0,0,0,0,4,53,13.25,1,104,67,1097,16.37,14,1,1,15,1,,205,272.0,276.0,238.5,81,3,14
Barry Sanders*,DET,RB,30,16,16,0,0,0,0,0,343,1491,4.35,4,57,37,289,7.81,0,3,2,4,,,198,235.0,243.0,216.5,75,10,15
Eddie George*,TEN,RB,25,16,16,0,0,0,0,0,348,1294,3.72,5,49,37,310,8.38,1,7,1,6,1,,196,233.4,240.4,214.9,73,11,16
Robert Smith*,MIN,RB,26,14,14,0,0,0,0,0,249,1187,4.77,6,35,28,291,10.39,2,1,1,8,,,194,221.8,228.8,207.8,70,12,17
Shannon Sharpe*+,DEN,TE,30,16,16,0,0,0,0,0,0,0,,0,107,64,768,12.00,10,0,,10,,,137,200.8,203.8,168.8,70,1,18
Brett Favre,GNB,QB,29,16,16,347,551,4212,31,23,40,133,3.33,1,0,0,0,,0,8,2,1,,1,264,263.8,294.8,286.8,68,3,19
Eric Moulds*,BUF,WR,25,16,15,0,0,0,0,0,0,0,,0,116,67,1368,20.42,9,0,,9,,,191,257.8,260.8,224.3,66,4,20
Duce Staley,PHI,RB,23,16,13,0,0,0,0,0,258,1065,4.13,5,70,57,432,7.58,1,2,,6,,,186,242.7,248.7,214.2,62,13,21
Keyshawn Johnson*,NYJ,WR,26,16,16,0,0,0,0,0,2,60,30.00,1,149,83,1131,13.63,10,0,,11,,,185,268.1,271.1,226.6,61,5,22
Terance Mathis,ATL,WR,31,16,16,0,0,0,0,0,1,-6,-6.00,0,114,64,1136,17.75,11,0,,11,,,179,243.0,246.0,211.0,55,6,23
Joey Galloway,SEA,WR,27,16,16,0,0,0,0,0,9,26,2.89,0,132,65,1047,16.11,10,1,1,12,,,177,242.3,246.3,209.8,53,7,24
Adrian Murrell,ARI,RB,28,15,14,0,0,0,0,0,274,1042,3.80,8,27,18,169,9.39,2,6,3,10,,,175,193.1,202.1,184.1,52,14,25
Steve McNair,TEN,QB,25,16,16,289,492,3228,15,10,77,559,7.26,4,0,0,0,,0,5,1,4,,,247,247.0,264.0,257.0,51,4,26
Cris Carter*,MIN,WR,33,16,16,0,0,0,0,0,1,-1,-1.00,0,125,78,1011,12.96,12,0,,12,,,173,251.0,254.0,212.0,49,8,27
Vinny Testaverde*,NYJ,QB,35,14,13,259,421,3256,29,7,24,104,4.33,1,0,0,0,,0,7,3,1,,,243,242.6,258.6,249.6,47,5,28
Rod Smith,DEN,WR,28,16,16,1,1,14,0,0,6,63,10.50,0,139,86,1222,14.21,6,0,,7,,,171,257.1,260.1,214.1,47,9,29
,,,,,,,,,,,,,,,,,,,,,,,,,,,,,,,
Jerry Rice*,SFO,WR,36,16,16,0,0,0,0,0,0,0,,0,151,82,1157,14.11,9,2,2,9,2,,170,251.7,256.7,210.7,45,10,30
Ed McCaffrey*,DEN,WR,30,15,15,0,0,0,0,0,0,0,,0,99,64,1053,16.45,10,1,,10,1,,167,231.3,234.3,199.3,43,11,31
Jimmy Smith*,JAX,WR,29,16,15,0,0,0,0,0,0,0,,0,133,78,1182,15.15,8,2,1,8,,,164,242.2,246.2,203.2,40,12,32
Priest Holmes,BAL,RB,25,16,13,0,1,0,0,1,233,1008,4.33,7,62,43,260,6.05,0,3,3,7,,,161,203.8,213.8,183.3,37,15,33
Cam Cleeland,NOR,TE,23,16,16,0,0,0,0,0,0,0,,0,88,54,684,12.67,6,1,,6,,,104,158.4,161.4,131.4,37,2,34
Ben Coates*,NWE,TE,29,14,14,0,0,0,0,0,0,0,,0,95,67,668,9.97,6,0,,6,,,103,169.8,172.8,136.3,36,3,35
Corey Dillon,CIN,RB,24,15,15,0,0,0,0,0,262,1130,4.31,4,44,28,178,6.36,1,2,2,5,,,157,184.8,192.8,170.8,33,16,36
Antowain Smith,BUF,RB,26,16,14,0,0,0,0,0,300,1124,3.75,8,11,5,11,2.20,0,5,3,8,,,156,160.5,166.5,158.0,32,17,37
Wayne Chrebet,NYJ,WR,25,16,15,0,0,0,0,0,0,0,,0,115,75,1083,14.44,8,0,,8,,,156,231.3,234.3,193.8,32,13,38
Tim Brown,OAK,WR,32,16,16,0,0,0,0,0,1,-7,-7.00,0,153,81,1012,12.49,9,3,,9,,,155,235.5,238.5,195.0,30,14,39
Tony Martin,ATL,WR,33,16,16,0,1,0,0,0,0,0,,0,131,66,1181,17.89,6,0,,6,,,154,220.1,223.1,187.1,30,15,40
Chris Chandler*,ATL,QB,33,14,14,190,327,3154,25,12,36,121,3.36,2,1,1,22,22.00,0,6,2,2,,,224,225.5,245.5,237.0,29,6,41
Rocket Ismail,CAR,WR,29,16,15,0,0,0,0,0,3,42,14.00,0,121,69,1024,14.84,8,2,1,8,,,153,221.6,225.6,187.1,28,16,42
Warrick Dunn,TAM,RB,23,16,14,0,0,0,0,0,245,1026,4.19,2,57,44,344,7.82,0,1,,2,,,149,193.0,199.0,171.0,26,18,43
Trent Green,WAS,QB,28,15,14,278,509,3441,23,11,42,117,2.79,2,2,2,-8,-4.00,0,14,6,2,,1,221,222.5,245.5,232.5,25,7,44
O.J. McDuffie,MIA,WR,29,16,16,0,0,0,0,0,3,11,3.67,0,165,90,1050,11.67,7,0,,7,,,148,238.1,241.1,193.1,24,17,45
Mike Alstott*+,TAM,FB,25,16,16,0,1,0,0,0,215,846,3.93,8,30,22,152,6.91,1,5,5,9,,,144,165.8,176.8,154.8,20,19,46
Jerome Bettis,PIT,RB,26,15,15,0,0,0,0,0,316,1185,3.75,3,23,16,90,5.63,0,2,1,3,,,144,159.5,163.5,151.5,20,20,47
Frank Wycheck*,TEN,TE,27,16,16,0,0,0,0,0,0,0,,0,91,70,768,10.97,2,2,1,2,,,87,156.8,160.8,121.8,20,4,48
Rickey Dudley,OAK,TE,26,16,15,0,0,0,0,0,1,-2,-2.00,0,77,36,549,15.25,5,1,1,5,1,,85,120.7,124.7,102.7,18,5,49
Jake Plummer,ARI,QB,24,16,16,324,547,3737,17,20,51,217,4.25,4,0,0,0,,0,12,5,4,,,213,213.2,244.2,233.2,17,8,50
Karim Abdul-Jabbar,MIA,RB,24,15,15,0,0,0,0,0,270,960,3.56,6,31,21,102,4.86,0,2,1,6,,,140,161.2,168.2,150.7,17,21,51
Gary Brown,NYG,RB,29,16,11,0,0,0,0,0,247,1063,4.30,5,26,13,36,2.77,0,1,1,5,,,138,150.9,154.9,144.4,15,22,52
Andrew Glover,MIN,TE,31,16,12,0,0,0,0,0,0,0,,0,59,35,522,14.91,5,0,,5,,,82,117.2,120.2,99.7,15,6,53
Wesley Walls*,CAR,TE,32,14,14,0,0,0,0,0,0,0,,0,78,49,506,10.33,5,0,,5,,,81,129.6,132.6,105.1,14,7,54
Freddie Jones,SDG,TE,24,16,16,0,0,0,0,0,0,0,,0,111,57,602,10.56,3,1,,3,1,,80,137.2,140.2,108.7,13,8,55
Peyton Manning,IND,QB,22,16,16,326,575,3739,26,28,15,62,4.13,0,0,0,0,,0,3,1,0,,3,208,207.8,239.8,235.8,12,9,56
Leslie Shepherd,WAS,WR,29,16,16,0,0,0,0,0,6,91,15.17,1,114,43,712,16.56,8,0,,9,1,,136,179.3,182.3,157.8,12,18,57
Mark Chmura*,GNB,TE,29,15,14,0,0,0,0,0,0,0,,0,74,47,554,11.79,4,1,,4,,,79,126.4,129.4,102.9,12,9,58
Carl Pickens,CIN,WR,28,16,16,0,0,0,0,0,2,4,2.00,0,154,82,1023,12.48,5,2,,5,1,,135,216.7,219.7,175.7,10,19,59
,,,,,,,,,,,,,,,,,,,,,,,,,,,,,,,
Frank Sanders,ARI,WR,25,16,16,0,0,0,0,0,4,0,0.00,0,144,89,1145,12.87,3,3,1,3,,,131,219.5,223.5,175.0,6,20,60
Muhsin Muhammad,CAR,WR,25,16,16,0,0,0,0,0,0,0,,0,106,68,941,13.84,6,2,1,6,1,,130,198.1,202.1,164.1,6,21,61
Tony Gonzalez,KAN,TE,22,16,16,0,0,0,0,0,0,0,,0,102,59,621,10.53,2,3,1,2,,,72,131.1,135.1,101.6,5,10,62
Dan Marino,MIA,QB,37,16,16,310,537,3497,23,15,21,-3,-0.14,1,0,0,0,,0,9,4,1,,,200,199.6,221.6,214.6,4,10,63
Rob Moore,ARI,WR,30,16,16,0,0,0,0,0,0,0,,0,146,67,982,14.66,5,0,,5,,,128,195.2,198.2,161.7,4,23,64
Herman Moore,DET,WR,29,15,15,0,0,0,0,0,0,0,,0,129,82,983,11.99,5,0,,5,,,128,210.3,213.3,169.3,4,22,65
Charles Johnson,PIT,WR,26,16,16,0,0,0,0,0,1,4,4.00,0,124,65,815,12.54,7,0,,7,2,,128,192.9,195.9,160.4,4,24,66
Leroy Hoard,MIN,RB,30,16,1,0,0,0,0,0,115,479,4.17,9,26,22,198,9.00,1,1,,10,,,128,149.7,155.7,138.7,4,23,67
O.J. Santiago,ATL,TE,24,16,16,0,0,0,0,0,0,0,,0,42,27,428,15.85,5,1,1,5,,,71,97.8,101.8,84.3,4,11,68
Bobby Engram,CHI,WR,25,16,16,0,0,0,0,0,1,3,3.00,0,114,64,987,15.42,5,1,1,5,,,127,191.0,195.0,159.0,3,26,69
Keenan McCardell,JAX,WR,28,15,15,0,0,0,0,0,0,0,,0,113,64,892,13.94,6,0,,6,1,,127,191.2,194.2,159.2,3,25,70
Doug Flutie*,BUF,QB,36,13,10,202,354,2711,20,11,48,248,5.17,1,0,0,0,,0,3,,1,,,197,197.2,214.2,208.2,2,11,71
J.J. Stokes,SFO,WR,26,16,11,0,0,0,0,0,0,0,,0,93,63,770,12.22,8,0,,8,,,125,188.0,191.0,156.5,1,27,72
Drew Bledsoe,NWE,QB,26,14,14,263,481,3633,20,14,28,44,1.57,0,0,0,0,,0,9,3,0,,,196,195.7,215.7,209.7,,12,73
John Elway*,DEN,QB,38,13,12,210,356,2806,22,10,37,94,2.54,1,1,1,14,14.00,0,7,2,1,,,193,194.0,209.0,203.5,,13,74
Trent Dilfer,TAM,QB,26,16,16,225,429,2729,21,15,40,141,3.53,2,0,0,0,,0,9,5,2,,3,185,185.3,211.3,200.3,,14,75
Mark Brunell,JAX,QB,28,13,13,208,354,2601,20,9,49,192,3.92,0,0,0,0,,0,3,2,0,,1,183,183.2,200.2,192.2,,15,76
Kordell Stewart,PIT,QB,26,16,16,252,458,2560,11,18,81,406,5.01,2,1,1,17,17.00,0,3,2,2,,1,163,163.7,189.7,181.2,,16,77
Rich Gannon,KAN,QB,33,12,10,206,354,2305,10,6,44,168,3.82,3,0,0,0,,0,9,3,3,,,149,149.0,164.0,155.0,,17,78
Troy Aikman,DAL,QB,32,11,11,187,315,2330,12,5,22,69,3.14,2,0,0,0,,0,3,1,2,,,148,148.1,157.1,153.1,,18,
Steve Beuerlein,CAR,QB,33,12,12,216,343,2613,17,12,22,26,1.18,0,0,0,0,,0,13,3,0,,1,147,147.1,165.1,159.1,,19,
Charlie Batch,DET,QB,24,12,12,173,303,2178,11,6,41,229,5.59,1,0,0,0,,0,2,2,1,,,144,144.0,158.0,150.0,,20,
Neil O'Donnell,CIN,QB,32,13,11,212,343,2216,15,4,13,34,2.62,0,0,0,0,,0,6,4,0,,1,138,138.0,149.0,142.0,,21,
Tony Banks,STL,QB,25,14,14,241,408,2535,7,14,40,156,3.90,3,0,0,0,,0,10,1,3,1,1,137,137.0,158.0,151.0,,22,
James Jett,OAK,WR,28,16,16,0,0,0,0,0,1,3,3.00,0,88,45,882,19.60,6,0,,6,,,125,169.5,172.5,147.0,,29,
Darnay Scott,CIN,WR,26,13,13,0,0,0,0,0,2,10,5.00,0,88,51,817,16.02,7,0,,7,,,125,175.7,178.7,150.2,,28,
Jermaine Lewis*+,BAL,WR,24,13,13,0,0,0,0,0,5,20,4.00,0,76,41,784,19.12,6,3,2,8,,,124,165.4,170.4,144.9,,30,
Derrick Alexander,KAN,WR,27,15,14,0,0,0,0,0,0,0,,0,107,54,992,18.37,4,0,,4,,,123,177.2,180.2,150.2,,31,
Natrone Means,SDG,RB,26,10,10,0,0,0,0,0,212,883,4.17,5,22,16,91,5.69,0,2,2,5,,,123,139.4,144.4,131.4,,24,
Marvin Harrison,IND,WR,26,12,12,0,0,0,0,0,0,0,,0,122,59,776,13.15,7,0,,7,1,,122,180.6,183.6,151.1,,32,
,,,,,,,,,,,,,,,,,,,,,,,,,,,,,,,
Napoleon Kaufman,OAK,RB,25,13,13,0,0,0,0,0,217,921,4.24,2,36,25,191,7.64,0,2,1,2,,,121,146.2,153.2,133.7,,25,
Reidel Anthony,TAM,WR,22,15,13,0,0,0,0,0,4,43,10.75,0,94,51,708,13.88,7,0,,7,1,,119,170.1,173.1,144.6,,33,
Jim Harbaugh,BAL,QB,35,14,12,164,293,1839,12,11,40,172,4.30,0,0,0,0,,0,7,1,0,,2,119,118.8,136.8,129.8,,23,
Kerry Collins,2TM,QB,26,11,11,170,353,2213,12,15,30,153,5.10,1,1,1,-11,-11.00,0,13,6,1,1,,117,117.7,144.7,132.2,,24,
Johnnie Morton,DET,WR,27,16,16,0,0,0,0,0,1,11,11.00,0,140,69,1028,14.90,2,0,,2,,,116,184.9,187.9,150.4,,34,
Chris Calloway,NYG,WR,30,16,16,0,0,0,0,0,0,0,,0,119,62,812,13.10,6,1,1,6,,,115,177.2,181.2,146.2,,35,
Michael Irvin,DAL,WR,32,16,15,0,0,0,0,0,1,1,1.00,0,128,74,1057,14.28,1,1,,1,,,112,185.8,188.8,148.8,,36,
Michael Westbrook,WAS,WR,26,11,10,0,0,0,0,0,1,11,11.00,0,90,44,736,16.73,6,0,,6,,,111,154.7,157.7,132.7,,37,
Andre Reed,BUF,WR,34,15,13,0,0,0,0,0,0,0,,0,109,63,795,12.62,5,0,,5,,,110,172.5,175.5,141.0,,39,
Torrance Small,IND,WR,28,16,4,0,1,0,0,0,1,2,2.00,0,87,45,681,15.13,7,0,,7,,,110,155.3,158.3,132.8,,38,
Oronde Gadsden,MIA,WR,27,16,12,0,0,0,0,0,0,0,,0,87,48,713,14.85,7,2,2,7,,,109,157.3,162.3,133.3,,40,
Terrell Fletcher,SDG,RB,25,12,5,1,1,23,1,0,153,543,3.55,5,43,30,188,6.27,0,1,1,5,,,106,136.0,143.0,121.0,,28,
Fred Lane,CAR,RB,23,14,11,0,0,0,0,0,205,717,3.50,5,15,12,85,7.08,0,4,2,5,,,106,118.2,123.2,112.2,,26,
Amp Lee,STL,RB,27,14,2,0,0,0,0,0,44,175,3.98,2,84,64,667,10.42,2,3,2,4,1,,106,170.2,178.2,138.2,,27,
Bam Morris,2TM,RB,26,12,5,0,0,0,0,0,132,489,3.70,8,13,12,95,7.92,0,3,2,8,,,102,114.4,119.4,108.4,,29,
Ricky Proehl,STL,WR,30,16,11,0,0,0,0,0,1,14,14.00,0,114,60,771,12.85,3,0,,3,1,,99,158.5,161.5,128.5,,41,
Terry Glenn,NWE,WR,24,10,9,0,0,0,0,0,2,-1,-0.50,0,98,50,792,15.84,3,0,,3,,,97,147.1,150.1,122.1,,42,
Erik Kramer,CHI,QB,34,8,8,151,250,1823,9,7,13,17,1.31,1,0,0,0,,0,3,3,1,,,97,96.6,109.6,103.6,,25,
Edgar Bennett,CHI,RB,29,16,13,1,2,18,1,0,173,611,3.53,2,44,28,209,7.46,0,2,2,2,,,95,122.7,130.7,108.7,,30,
Skip Hicks,WAS,RB,24,9,5,0,0,0,0,0,122,433,3.55,8,8,4,23,5.75,0,0,,8,,,94,97.6,100.6,95.6,,31,
Donald Hollas,OAK,QB,31,12,6,135,260,1754,10,16,29,120,4.14,1,0,0,0,,0,10,2,1,,1,94,94.2,118.2,110.2,,26,
Mike Pritchard,SEA,WR,29,16,16,0,0,0,0,0,1,17,17.00,0,101,58,742,12.79,3,1,1,3,1,,94,151.9,155.9,122.9,,43,
Donnell Bennett,KAN,RB,26,16,10,0,0,0,0,0,148,527,3.56,5,20,16,91,5.69,1,4,3,6,,,92,107.8,113.8,99.8,,32,
Bubby Brister,DEN,QB,36,7,4,78,131,986,10,3,19,102,5.37,1,0,0,0,,0,2,,1,,1,92,91.6,100.6,94.6,,28,
Curtis Conway,CHI,WR,27,15,15,0,1,0,0,0,5,48,9.60,0,104,54,733,13.57,3,1,2,3,,,92,146.1,151.1,119.1,,44,
Kent Graham,NYG,QB,30,11,6,105,205,1219,7,5,27,138,5.11,2,1,1,16,16.00,0,2,1,2,,,92,93.2,105.2,97.7,,27,
Shawn Jefferson,NWE,WR,29,16,16,0,0,0,0,0,1,15,15.00,0,79,34,771,22.68,2,0,,2,,,91,124.6,127.6,107.6,,45,
Lamar Smith,NOR,RB,28,14,9,1,2,20,1,0,138,457,3.31,1,36,24,249,10.38,2,4,1,3,,,91,115.4,122.4,103.4,,33,
Charlie Jones,SDG,WR,26,16,11,0,0,0,0,0,4,39,9.75,0,107,46,699,15.20,3,1,1,3,,,90,135.8,139.8,112.8,,47,
Lamar Thomas,MIA,WR,28,16,2,0,0,0,0,0,0,0,,0,67,43,603,14.02,5,0,,5,,,90,133.3,136.3,111.8,,46,
,,,,,,,,,,,,,,,,,,,,,,,,,,,,,,,
Terry Allen,WAS,RB,30,10,10,0,0,0,0,0,148,700,4.73,2,22,17,128,7.53,0,4,3,2,,,89,105.8,114.8,97.3,,34,
Billy Davis,DAL,WR,26,16,11,0,0,0,0,0,4,15,3.75,0,77,39,691,17.72,3,1,,3,,,89,127.6,130.6,108.1,,48,
Warren Moon,SEA,QB,42,10,10,145,258,1632,11,8,16,10,0.63,0,0,0,0,,0,8,4,0,,1,88,88.3,103.3,96.3,,29,
Danny Kanell,NYG,QB,25,10,10,160,299,1603,11,10,15,36,2.40,0,0,0,0,,0,6,3,0,,,86,85.7,101.7,95.7,,30,
Kimble Anders,KAN,FB,32,16,15,0,0,0,0,0,58,230,3.97,1,84,64,462,7.22,2,6,1,3,,,85,149.2,156.2,117.2,,35,
Courtney Hawkins,PIT,WR,29,15,14,0,0,0,0,0,10,41,4.10,0,108,66,751,11.38,1,1,,1,,,85,151.2,154.2,118.2,,50,
Andre Rison,KAN,WR,31,14,13,0,0,0,0,0,2,12,6.00,0,92,40,542,13.55,5,1,,5,,,85,125.4,128.4,105.4,,49,
Floyd Turner,BAL,WR,32,16,3,0,0,0,0,0,0,0,,0,57,32,512,16.00,5,0,,5,2,,85,117.2,120.2,101.2,,51,
Sean Dawkins,NOR,WR,27,15,15,0,0,0,0,0,0,0,,0,106,53,823,15.53,1,2,2,1,,,84,137.3,142.3,110.8,,52,
Ike Hilliard,NYG,WR,22,16,16,0,0,0,0,0,1,4,4.00,0,104,51,715,14.02,2,2,2,2,,,80,130.9,135.9,105.4,,53,
Charles Way,NYG,FB,26,16,15,0,0,0,0,0,113,432,3.82,3,40,31,131,4.23,1,0,,4,,,80,111.3,117.3,95.8,,36,
Rob Johnson,BUF,QB,25,8,6,67,107,910,8,3,24,123,5.13,1,0,0,0,,0,2,1,1,,,79,78.7,88.7,81.7,,32,
Billy Joe Tolliver,NOR,QB,32,7,4,110,199,1427,8,4,11,43,3.91,0,0,0,0,,0,3,3,0,,,79,79.4,89.4,83.4,,31,
Thurman Thomas,BUF,RB,32,14,3,0,0,0,0,0,93,381,4.10,2,32,26,220,8.46,1,0,,3,,,78,104.1,110.1,91.1,,37,
Tim Biakabutuka,CAR,RB,24,10,3,0,0,0,0,0,101,427,4.23,3,10,8,138,17.25,1,1,2,4,,,77,84.5,92.5,80.5,,39,
Larry Centers,ARI,FB,30,16,12,0,0,0,0,0,31,110,3.55,0,94,69,559,8.10,2,1,1,2,,,77,145.9,152.9,111.4,,38,
Bert Emanuel,TAM,WR,28,11,11,0,0,0,0,0,1,11,11.00,0,97,41,636,15.51,2,0,,2,,,77,117.7,120.7,97.2,,54,
Harvey Williams,OAK,RB,31,16,3,1,1,27,0,0,128,496,3.88,2,39,26,173,6.65,0,3,2,2,,,76,102.0,110.0,89.0,,40,
June Henley,STL,RB,23,11,3,0,0,0,0,0,88,313,3.56,3,45,35,252,7.20,0,1,1,3,,,73,107.5,114.5,90.0,,41,
Ernie Mills,DAL,WR,30,11,1,0,0,0,0,0,3,9,3.00,0,41,28,479,17.11,4,0,,4,,,73,100.8,103.8,86.8,,55,
Bryan Still,SDG,WR,24,14,9,0,0,0,0,0,0,0,,0,79,43,605,14.07,2,0,,2,,,73,115.5,118.5,94.0,,56,
Irving Fryar,PHI,WR,36,16,16,0,0,0,0,0,3,46,15.33,0,112,48,556,11.58,2,0,,2,,,72,120.2,123.2,96.2,,58,
Jeff Graham,PHI,WR,29,15,15,0,0,0,0,0,0,0,,0,91,47,600,12.77,2,0,,2,,,72,119.0,122.0,95.5,,59,
Dedric Ward,NYJ,WR,24,16,4,0,0,0,0,0,2,7,3.50,0,59,25,477,19.08,4,0,,4,,,72,97.4,100.4,84.9,,57,
John Avery,MIA,RB,22,16,0,0,0,0,0,0,143,503,3.52,2,15,10,67,6.70,1,5,2,3,,,71,81.0,86.0,76.0,,43,
Charlie Garner,PHI,RB,26,10,3,0,0,0,0,0,96,381,3.97,4,25,19,110,5.79,0,1,1,4,,,71,90.1,97.1,80.6,,42,
Jake Reed,MIN,WR,31,11,11,0,0,0,0,0,0,0,,0,68,34,474,13.94,4,0,,4,,,71,105.4,108.4,88.4,,60,
Jon Kitna,SEA,QB,26,6,5,98,172,1177,7,8,20,67,3.35,1,0,0,0,,0,6,1,1,,,70,69.8,81.8,77.8,,34,
Steve Stenstrom,CHI,QB,27,7,7,112,196,1252,4,6,18,79,4.39,2,0,0,0,,0,6,3,2,,1,70,70.0,82.0,76.0,,33,
Tiki Barber,NYG,RB,23,16,4,0,0,0,0,0,52,166,3.19,0,59,42,348,8.29,3,1,,3,,,69,111.4,117.4,90.4,,44,
,,,,,,,,,,,,,,,,,,,,,,,,,,,,,,,
Craig Whelihan,SDG,QB,27,10,7,149,320,1803,8,19,18,38,2.11,0,0,0,0,,0,9,3,0,1,1,68,67.9,92.9,86.9,,35,
Aaron Craver,NOR,FB,30,16,10,0,1,0,0,0,45,180,4.00,2,47,33,214,6.48,2,2,1,5,,,67,100.4,107.4,83.9,,45,
Tyrone Davis,GNB,TE,26,13,1,0,0,0,0,0,0,0,,0,29,18,250,13.89,7,1,,7,,,67,85.0,88.0,76.0,,12,
Andre Hastings,NOR,WR,28,16,12,0,0,0,0,0,3,32,10.67,0,87,35,455,13.00,3,0,,3,,,67,101.7,104.7,84.2,,62,
Brian Mitchell,WAS,RB,30,16,0,1,2,0,0,0,39,208,5.33,2,62,44,306,6.95,0,3,1,3,,,67,111.4,118.4,89.4,,46,
Yancey Thigpen,TEN,WR,29,9,8,0,0,0,0,0,0,0,,0,83,38,493,12.97,3,0,,3,,,67,105.3,108.3,86.3,,61,
Germane Crowell,DET,WR,22,14,2,0,0,0,0,0,1,35,35.00,0,48,25,464,18.56,3,1,1,3,,,66,90.9,94.9,78.4,,64,
Amani Toomer,NYG,WR,24,16,0,0,1,0,0,0,0,0,,0,53,27,360,13.33,5,0,,5,,,66,93.0,96.0,79.5,,63,
Chris Warren,DAL,RB,30,9,0,0,0,0,0,0,59,291,4.93,4,16,13,66,5.08,1,0,,5,,,66,78.7,81.7,72.2,,47,
Jay Riemersma,BUF,TE,25,16,3,0,0,0,0,0,0,0,,0,33,25,288,11.52,6,0,,6,,,65,89.8,92.8,77.3,,13,
Tony Simmons,NWE,WR,24,11,6,0,0,0,0,0,0,0,,0,55,23,474,20.61,3,0,,3,,,65,88.4,91.4,76.9,,65,
Willie Davis,TEN,WR,31,13,10,0,0,0,0,0,0,0,,0,58,32,461,14.41,3,0,,3,,,64,96.1,99.1,80.1,,66,
Darick Holmes,2TM,RB,27,14,4,0,0,0,0,0,95,394,4.15,1,24,20,188,9.40,0,1,,1,,,64,84.2,90.2,74.2,,48,
Chris Penn,CHI,WR,27,14,1,0,0,0,0,0,0,0,,0,62,31,448,14.45,3,1,1,3,1,,63,93.8,97.8,78.3,,68,
Keith Poole,NOR,WR,24,15,4,0,0,0,0,0,0,0,,0,51,24,509,21.21,2,0,,2,,,63,86.9,89.9,74.9,,67,
Terry Kirby,SFO,RB,28,9,0,1,1,28,1,0,48,258,5.38,3,19,16,134,8.38,0,0,,3,,,62,78.3,84.3,70.3,,49,
Eric Zeier,BAL,QB,26,10,4,107,181,1312,4,3,11,17,1.55,0,0,0,0,,0,2,1,0,,,62,62.2,69.2,65.2,,36,
Leon Johnson,NYJ,RB,24,12,2,0,0,0,0,0,41,185,4.51,2,21,13,222,17.08,2,3,2,4,,,61,73.7,81.7,67.2,,50,
Kyle Brady,NYJ,TE,26,16,15,0,0,0,0,0,0,0,,0,50,30,315,10.50,5,1,1,5,,,60,89.5,93.5,74.5,,14,
Robert Brooks,GNB,WR,28,12,12,0,0,0,0,0,1,2,2.00,0,62,31,420,13.55,3,0,,3,,,60,91.2,94.2,75.7,,69,
Jason Garrett,DAL,QB,32,8,5,91,158,1206,5,3,11,14,1.27,0,0,0,0,,0,4,2,0,,,60,59.6,67.6,62.6,,37,
Dorsey Levens,GNB,RB,28,7,4,0,0,0,0,0,115,378,3.29,1,30,27,162,6.00,0,0,,1,,,60,87.0,93.0,73.5,,51,
Marcus Pollard,IND,TE,26,16,11,0,0,0,0,0,0,0,,0,40,24,309,12.88,4,0,,4,2,,59,82.9,85.9,70.9,,15,
Stephen Alexander,WAS,TE,23,15,5,0,0,0,0,0,0,0,,0,58,37,383,10.35,4,2,2,4,,,58,95.3,100.3,76.8,,16,
Tommy Vardell,DET,FB,29,14,9,0,0,0,0,0,18,37,2.06,6,24,14,143,10.21,1,1,1,7,,,58,72.0,76.0,65.0,,52,
Albert Connell,WAS,WR,24,14,5,0,0,0,0,0,0,0,,0,54,28,451,16.11,2,0,,2,,,57,85.1,88.1,71.1,,70,
Jerome Pathon,IND,WR,23,16,15,0,0,0,0,0,3,-2,-0.67,0,106,50,511,10.22,1,0,,1,,,57,106.9,109.9,81.9,,71,
Irv Smith,SFO,TE,27,16,8,0,0,0,0,0,0,0,,0,41,25,266,10.64,5,0,,5,,,57,81.6,84.6,69.1,,17,
Isaac Bruce,STL,WR,26,5,5,0,0,0,0,0,1,30,30.00,0,48,32,457,14.28,1,0,,1,,,55,86.7,89.7,70.7,,74,
Derrick Mayes,GNB,WR,24,10,6,0,0,0,0,0,0,0,,0,51,30,394,13.13,3,1,1,3,,,55,85.4,89.4,70.4,,72,
,,,,,,,,,,,,,,,,,,,,,,,,,,,,,,,
Mikhael Ricks,SDG,WR,24,16,9,0,0,0,0,0,0,0,,0,85,30,450,15.00,2,1,1,2,,,55,85.0,89.0,70.0,,73,
Jackie Harris,TEN,TE,30,16,16,0,0,0,0,0,0,0,,0,55,43,412,9.58,2,0,,2,,,53,96.2,99.2,74.7,,18,
Mario Bates,ARI,RB,25,16,1,0,0,0,0,0,60,165,2.75,6,1,1,14,14.00,0,0,1,6,,,52,52.9,56.9,52.4,,53,
Brandon Bennett,CIN,RB,25,14,1,0,0,0,0,0,77,243,3.16,2,12,8,153,19.13,0,1,,2,,,52,59.6,65.6,55.6,,54,
Koy Detmer,PHI,QB,25,8,5,97,181,1011,5,5,7,20,2.86,0,0,0,0,,0,1,,0,,,52,52.4,60.4,57.4,,38,
Johnny McWilliams,ARI,TE,26,16,15,0,0,0,0,0,0,0,,0,33,26,284,10.92,4,0,,4,,,52,78.4,81.4,65.4,,19,
Troy Drayton,MIA,TE,28,15,15,0,0,0,0,0,0,0,,0,49,30,334,11.13,3,0,,3,,,51,81.4,84.4,66.4,,20,
Damon Gibson,CIN,WR,23,16,0,0,0,0,0,0,1,9,9.00,0,27,19,258,13.58,3,3,,4,,,51,69.7,72.7,60.2,,77,
Derrick Mason,TEN,WR,24,16,0,0,0,0,0,0,0,0,,0,44,25,333,13.32,3,1,,3,,,51,76.3,79.3,63.8,,75,
Bill Schroeder,GNB,WR,27,13,3,0,0,0,0,0,0,0,,0,48,31,452,14.58,1,1,,1,,,51,82.2,85.2,66.7,,76,
Curtis Enis,CHI,RB,22,9,1,0,0,0,0,0,133,497,3.74,0,8,6,20,3.33,0,1,1,0,,,50,55.7,59.7,52.7,,55,
Stephen Davis,WAS,FB,24,16,12,0,0,0,0,0,34,109,3.21,0,31,21,263,12.52,2,0,,2,,,49,70.2,76.2,59.7,,56,
Marc Edwards,SFO,FB,24,16,10,0,0,0,0,0,22,94,4.27,1,32,22,218,9.91,2,0,,3,,,49,71.2,74.2,60.2,,57,
Greg Hill,STL,RB,26,2,2,0,0,0,0,0,40,240,6.00,4,2,1,6,6.00,0,0,,4,,,49,49.6,52.6,49.1,,58,
Christian Fauria,SEA,TE,27,16,15,0,0,0,0,0,0,0,,0,44,37,377,10.19,2,1,1,2,,,48,84.7,88.7,66.2,,22,
Jeff George,OAK,QB,31,8,7,93,169,1186,4,5,8,2,0.25,0,0,0,0,,0,7,3,0,,,48,47.6,58.6,52.6,,39,
Michael Jackson,BAL,WR,29,13,12,0,0,0,0,0,0,0,,0,76,38,477,12.55,0,1,,0,,,48,85.7,88.7,66.7,,79,
Pete Mitchell,JAX,TE,27,16,16,0,0,0,0,0,0,0,,0,63,38,363,9.55,2,0,,2,,,48,86.3,89.3,67.3,,21,
Dave Moore,TAM,TE,29,16,16,0,0,0,0,0,0,0,,0,40,24,255,10.63,4,1,1,4,,,48,71.5,75.5,59.5,,23,
Kevin Williams,BUF,WR,27,16,0,0,0,0,0,0,5,46,9.20,0,61,29,392,13.52,1,3,1,1,,,48,76.8,80.8,62.3,,78,
James Allen,CHI,RB,23,6,2,0,0,0,0,0,58,270,4.66,1,14,8,77,9.63,1,1,,2,,,47,54.7,57.7,50.7,,61,
Keith Byars,NYJ,FB,35,13,8,0,0,0,0,0,4,34,8.50,0,40,26,258,9.92,3,0,,3,,,47,73.2,76.2,60.2,,59,
William Henderson,GNB,FB,27,16,10,0,0,0,0,0,23,70,3.04,2,49,37,241,6.51,1,1,1,3,,,47,84.1,88.1,65.6,,60,
Brad Johnson,MIN,QB,30,4,2,65,101,747,7,5,12,15,1.25,0,0,0,0,,0,1,1,0,,,47,47.4,56.4,52.4,,40,
James McKnight,SEA,WR,26,14,3,0,0,0,0,0,0,0,,0,50,21,346,16.48,2,0,,2,,,47,67.6,70.6,57.1,,80,
Jeff Blake,CIN,QB,28,8,2,51,93,739,3,3,15,103,6.87,0,0,0,0,,0,1,,0,,,46,45.9,54.9,48.9,,41,
Patrick Jeffers,DAL,WR,25,8,1,0,0,0,0,0,0,0,,0,34,18,330,18.33,2,0,,2,,,45,63.0,66.0,54.0,,81,
Brett Bech,NOR,WR,27,16,0,0,0,0,0,0,0,0,,0,24,14,264,18.86,3,0,,3,,,44,58.4,61.4,51.4,,82,
Danny Wuerffel,NOR,QB,24,5,4,62,119,695,5,5,11,60,5.45,0,0,0,0,,0,1,,0,,,44,43.8,51.8,48.8,,42,
Wade Wilson,OAK,QB,39,5,3,52,88,568,7,4,7,24,3.43,0,0,0,0,,0,1,1,0,,,43,43.1,51.1,47.1,,43,
,,,,,,,,,,,,,,,,,,,,,,,,,,,,,,,
Steve Bono,STL,QB,36,6,2,69,136,807,5,4,10,13,1.30,0,0,0,0,,0,4,3,0,1,,42,41.6,51.6,45.6,,45,
Mark Carrier,CAR,WR,33,16,1,0,0,0,0,0,0,0,,0,51,19,301,15.84,2,0,,2,,,42,61.1,64.1,51.6,,84,
Elvis Grbac,KAN,QB,28,8,6,98,188,1142,5,12,7,27,3.86,0,0,0,0,,0,1,1,0,,,42,42.4,58.4,54.4,,44,
Eric Green,BAL,TE,31,12,12,0,0,0,0,0,0,0,,0,58,34,422,12.41,1,4,3,1,,,42,76.2,82.2,59.2,,25,
Jacquez Green,TAM,WR,22,12,1,0,0,0,0,0,3,12,4.00,0,36,14,251,17.93,2,5,1,3,,,42,56.3,60.3,49.3,,83,
Travis Jervey,GNB,RB,26,8,5,0,0,0,0,0,83,325,3.92,1,12,9,33,3.67,0,0,,1,,,42,50.8,53.8,46.3,,63,
Anthony Johnson,CAR,RB,31,16,2,0,0,0,0,0,36,135,3.75,0,35,27,242,8.96,1,3,1,1,,,42,68.7,75.7,55.2,,64,
Tony McGee,CIN,TE,27,16,16,0,0,0,0,0,0,0,,0,32,22,363,16.50,1,0,,1,,,42,64.3,67.3,53.3,,24,
James Stewart,JAX,RB,27,3,3,0,0,0,0,0,53,217,4.09,2,8,6,42,7.00,1,2,1,3,,,42,47.9,51.9,44.9,,62,
Troy Brown,NWE,WR,27,10,0,0,0,0,0,0,0,0,,0,35,23,346,15.04,1,0,,1,,,41,63.6,66.6,52.1,,85,
Terry Mickens,OAK,WR,27,16,2,0,0,0,0,0,0,0,,0,47,24,346,14.42,1,0,,1,,,41,64.6,67.6,52.6,,86,
Frank Reich,DET,QB,37,6,2,63,110,768,5,4,6,3,0.50,0,0,0,0,,0,2,1,0,,,41,41.0,49.0,45.0,,46,
Bob Christian,ATL,FB,30,14,11,0,0,0,0,0,8,21,2.63,2,28,19,214,11.26,1,1,1,3,,,40,58.5,62.5,49.0,,65,
Kevin Dyson,TEN,WR,23,13,9,0,0,0,0,0,1,4,4.00,0,48,21,263,12.52,2,0,,2,,,39,59.7,62.7,49.2,,87,
William Floyd,CAR,FB,26,16,13,0,1,0,0,1,28,71,2.54,3,37,24,123,5.13,1,1,1,4,,,39,63.4,68.4,52.4,,66,
Will Blackwell,PIT,WR,23,16,1,0,0,0,0,0,0,0,,0,55,32,297,9.28,1,1,,1,1,,38,69.7,72.7,53.7,,88,
Ken Dilger,IND,TE,27,16,16,0,0,0,0,0,0,0,,0,48,31,303,9.77,1,0,,1,1,,38,69.3,72.3,53.8,,26,
Sam Gash*,BUF,FB,29,16,13,0,0,0,0,0,11,32,2.91,0,21,19,165,8.68,3,0,,3,,,38,56.7,59.7,47.2,,69,
Az-Zahir Hakim,STL,WR,21,9,4,0,0,0,0,0,2,30,15.00,1,45,20,247,12.35,1,1,1,2,,,38,57.7,61.7,47.7,,89,
Robert Holcombe,STL,RB,23,13,6,0,0,0,0,0,98,230,2.35,2,11,6,34,5.67,0,0,,2,,,38,44.4,47.4,41.4,,67,
Sherman Williams,DAL,RB,25,16,2,0,0,0,0,0,64,220,3.44,1,14,11,104,9.45,0,0,,1,,,38,49.4,55.4,43.9,,68,
Rodney Peete,PHI,QB,32,5,4,71,129,758,2,4,5,30,6.00,1,0,0,0,,0,1,1,1,,,37,37.3,45.3,41.3,,47,
Eric Bjornson,DAL,TE,27,16,4,0,0,0,0,0,1,7,7.00,1,27,15,218,14.53,1,0,,2,,,35,49.5,52.5,42.0,,27,
Robert Chancey,CHI,RB,26,16,1,0,0,0,0,0,29,122,4.21,2,15,11,102,9.27,0,2,,2,,,34,45.4,51.4,39.9,,70,
Damon Jones,JAX,TE,24,16,7,0,0,0,0,0,0,0,,0,17,8,90,11.25,4,1,,4,,,33,41.0,41.0,37.0,,28,
Ryan Thelwell,SDG,WR,25,6,3,0,0,0,0,0,0,0,,0,37,16,268,16.75,1,0,,1,,,33,48.8,51.8,40.8,,90,
Raymont Harris,GNB,RB,28,8,3,0,0,0,0,0,79,228,2.89,1,11,10,68,6.80,0,3,2,1,,,32,41.6,46.6,36.6,,72,
Eddie Kennison,STL,WR,25,16,13,0,0,0,0,0,2,9,4.50,0,51,17,234,13.76,1,4,2,2,,,32,49.3,54.3,40.8,,91,
Roosevelt Potts,BAL,FB,27,16,15,0,0,0,0,0,36,115,3.19,0,38,30,168,5.60,2,4,4,2,,,32,62.3,72.3,47.3,,71,
Glenn Foley,NYJ,QB,28,5,3,58,108,749,4,6,5,-11,-2.20,0,0,0,0,,0,1,1,0,,,31,30.9,40.9,36.9,,48,
,,,,,,,,,,,,,,,,,,,,,,,,,,,,,,,
Chris Gedney,ARI,TE,28,16,3,0,0,0,0,0,0,0,,0,32,22,271,12.32,1,1,1,1,,,31,53.1,57.1,42.1,,29,
Derek Loville,DEN,RB,30,16,0,0,0,0,0,0,53,161,3.04,2,2,2,29,14.50,0,0,,2,,,31,33.0,36.0,32.0,,73,
Kevin Turner,PHI,FB,29,16,15,0,0,0,0,0,20,94,4.70,0,59,34,232,6.82,0,1,1,0,,,31,64.6,68.6,47.6,,74,
Karl Williams,TAM,WR,27,13,6,0,0,0,0,0,0,0,,0,46,21,252,12.00,1,0,,1,,,31,52.2,55.2,41.7,,92,
Troy Davis,NOR,RB,23,14,2,0,0,0,0,0,55,143,2.60,1,21,16,99,6.19,0,1,,1,,,30,46.2,49.2,38.2,,76,
David LaFleur,DAL,TE,24,13,13,0,0,0,0,0,0,0,,0,30,20,176,8.80,2,1,,2,,,30,49.6,52.6,39.6,,30,
Ryan Leaf,SDG,QB,22,10,9,111,245,1289,2,15,27,80,2.96,0,0,0,0,,0,8,4,0,,,30,29.6,51.6,44.6,,49,
Eric Metcalf,ARI,RB,30,16,3,0,0,0,0,0,0,0,,0,49,31,324,10.45,0,5,1,0,,,30,61.4,65.4,45.9,,75,
Jerald Moore,STL,RB,24,11,4,0,0,0,0,0,55,137,2.49,2,12,9,60,6.67,0,3,1,2,,,30,38.7,42.7,34.2,,77,
Jamie Asher,WAS,TE,26,9,7,0,0,0,0,0,0,0,,0,48,28,294,10.50,0,0,,0,,,29,57.4,60.4,43.4,,31,
Chris Fuamatu-Ma'afala,PIT,RB,21,12,0,0,0,0,0,0,7,30,4.29,2,12,9,84,9.33,1,0,,3,,,29,38.4,38.4,33.9,,78,
Howard Griffith,DEN,FB,31,14,13,0,0,0,0,0,4,13,3.25,0,30,15,97,6.47,3,0,,3,,,29,44.0,44.0,36.5,,79,
Jonathan Quinn,JAX,QB,23,4,2,34,64,387,2,3,11,77,7.00,1,0,0,0,,0,3,1,1,,,29,29.2,36.2,32.2,,50,
J.T. Thomas,STL,WR,27,16,0,0,0,0,0,0,0,0,,0,47,20,287,14.35,0,0,,0,,,29,48.7,51.7,38.7,,93,
Mark Bruener,PIT,TE,26,16,16,0,0,0,0,0,0,0,,0,33,19,157,8.26,2,0,,2,,,28,46.7,49.7,37.2,,32,
Quinn Early,BUF,WR,33,16,2,0,0,0,0,0,0,0,,0,32,19,217,11.42,1,0,,1,,,28,46.7,49.7,37.2,,96,
Patrick Johnson,BAL,WR,22,13,0,0,0,0,0,0,0,0,,0,30,12,159,13.25,1,1,,2,,,28,39.9,42.9,33.9,,95,
Kevin Lockett,KAN,WR,24,13,3,0,0,0,0,0,0,0,,0,33,19,281,14.79,0,2,,0,,,28,47.1,50.1,37.6,,94,
David Palmer,MIN,WR,26,16,0,0,0,0,0,0,10,52,5.20,0,23,18,185,10.28,0,2,1,1,,,28,45.7,49.7,36.7,,97,
Rodney Thomas,TEN,RB,25,11,0,0,0,0,0,0,24,100,4.17,2,8,6,55,9.17,0,0,,2,,,28,33.5,36.5,30.5,,80,
Ty Detmer,SFO,QB,31,16,1,24,38,312,4,3,8,7,0.88,0,0,0,0,,0,1,,0,,2,27,27.2,33.2,30.2,,51,
Jonathan Linton,BUF,RB,24,14,0,0,0,0,0,0,45,195,4.33,1,3,1,10,10.00,0,0,,1,,,27,27.5,30.5,27.0,,81,
Hines Ward,PIT,WR,22,16,0,1,1,17,0,0,1,13,13.00,0,33,15,246,16.40,0,0,,0,,,27,41.6,44.6,34.1,,98,
Ryan Wetnight,CHI,TE,28,15,4,0,0,0,0,0,0,0,,0,32,23,168,7.30,2,1,1,2,,,27,49.8,53.8,38.3,,33,
Richard Huntley,PIT,RB,26,16,1,0,0,0,0,0,55,242,4.40,1,6,3,18,6.00,0,5,3,1,,,26,29.0,35.0,27.5,,82,
Ed Perry,MIA,TE,24,14,5,0,0,0,0,0,0,0,,0,38,25,255,10.20,0,0,,0,,,26,50.5,53.5,38.0,,34,
Derrick Cullors,NWE,RB,26,16,0,0,0,0,0,0,18,48,2.67,0,25,14,146,10.43,1,1,,1,,,25,39.4,42.4,32.4,,83,
Ahman Green,SEA,RB,21,16,0,0,0,0,0,0,35,209,5.97,1,5,3,2,0.67,0,1,1,1,,,25,28.1,32.1,26.6,,85,
Willie Green,DEN,WR,32,15,1,0,0,0,0,0,0,0,,0,25,16,194,12.13,1,0,,1,,,25,41.4,44.4,33.4,,99,
Bobby Hoying,PHI,QB,26,8,7,114,224,961,0,9,22,84,3.82,0,0,0,0,,0,6,2,0,,,25,24.8,38.8,33.8,,52,
,,,,,,,,,,,,,,,,,,,,,,,,,,,,,,,
Lonnie Johnson,BUF,TE,27,16,16,0,0,0,0,0,0,0,,0,22,14,146,10.43,2,1,1,2,,,25,38.6,42.6,31.6,,35,
Errict Rhett,BAL,RB,28,13,2,0,0,0,0,0,44,180,4.09,0,14,11,65,5.91,0,0,,0,,,25,35.5,38.5,30.0,,87,
Sedrick Shaw,NWE,RB,25,13,1,0,0,0,0,0,48,236,4.92,0,11,6,30,5.00,0,2,1,0,,,25,30.6,34.6,27.6,,86,
Ray Zellars,NOR,FB,25,11,7,0,0,0,0,0,56,162,2.89,1,16,10,50,5.00,0,2,1,1,,,25,35.2,39.2,30.2,,84,
Tim Dwight,ATL,WR,23,12,0,1,2,22,0,0,8,19,2.38,0,7,4,94,23.50,1,3,,2,,,24,28.2,28.2,26.2,,100,
E.G. Green,IND,WR,23,11,0,0,0,0,0,0,0,0,,0,31,15,177,11.80,1,0,,1,,,24,38.7,41.7,31.2,,102,
Chuck Levy,SFO,RB,26,12,0,0,0,0,0,0,25,112,4.48,1,18,15,64,4.27,0,0,,1,,,24,38.6,41.6,31.1,,89,
Bernie Parmalee,MIA,RB,31,15,0,0,0,0,0,0,8,20,2.50,0,25,21,221,10.52,0,2,,0,,,24,45.1,48.1,34.6,,88,
David Patten,NYG,WR,24,12,0,0,0,0,0,0,0,0,,0,27,11,119,10.82,1,0,,2,,,24,34.9,37.9,29.4,,101,
Reggie Barlow,JAX,WR,25,16,2,0,0,0,0,0,0,0,,0,26,11,168,15.27,0,1,,1,,,23,33.8,36.8,28.3,,104,
Ty Hallock,CHI,FB,27,16,10,0,0,0,0,0,13,41,3.15,1,35,25,166,6.64,0,3,2,1,,,23,47.7,52.7,35.2,,92,
Jamie Martin,JAX,QB,28,4,1,27,45,355,2,0,5,8,1.60,0,0,0,0,,0,0,,0,,,23,23.0,26.0,23.0,,53,
Brian Milne,CIN,FB,25,14,14,0,0,0,0,0,10,41,4.10,1,39,26,124,4.77,0,0,,1,,,23,48.5,51.5,35.5,,93,
Jon Ritchie,OAK,FB,24,15,10,0,0,0,0,0,9,23,2.56,0,47,29,225,7.76,0,2,1,0,,,23,51.8,55.8,37.3,,91,
Daimon Shelton,JAX,FB,26,14,8,0,0,0,0,0,30,95,3.17,1,15,10,79,7.90,0,0,,1,,,23,33.4,33.4,28.4,,90,
Freddie Solomon,PHI,WR,26,16,1,0,0,0,0,0,0,0,,0,48,21,193,9.19,1,0,1,1,,,23,44.3,48.3,33.8,,103,
Lamont Warren,IND,RB,25,12,2,0,0,0,0,0,25,61,2.44,1,17,11,44,4.00,1,0,,2,,,23,33.5,33.5,28.0,,94,
Tavian Banks,JAX,RB,24,6,1,0,0,0,0,0,26,140,5.38,1,4,4,20,5.00,0,2,,1,,,22,26.0,29.0,24.0,,95,
Vincent Brisby,NWE,WR,27,6,1,0,0,0,0,0,0,0,,0,21,7,96,13.71,2,0,,2,,,22,28.6,28.6,25.1,,107,
Steve DeBerg,ATL,QB,44,8,1,30,59,369,3,1,8,-10,-1.25,0,0,0,0,,0,2,1,0,,,22,21.8,26.8,22.8,,54,
Derrick Harris,STL,FB,26,16,14,0,0,0,0,0,14,38,2.71,0,17,12,57,4.75,2,1,,2,,,22,33.5,33.5,27.5,,97,
Matthew Hatchette,MIN,WR,24,5,0,0,0,0,0,0,0,0,,0,25,15,216,14.40,0,0,,0,,,22,36.6,39.6,29.1,,108,
Joe Horn,KAN,WR,26,16,1,0,0,0,0,0,1,0,0.00,0,24,14,198,14.14,1,2,2,1,,,22,35.8,40.8,28.8,,106,
Ron Rivers,DET,RB,27,15,0,0,0,0,0,0,19,102,5.37,1,3,3,58,19.33,0,0,,1,,,22,25.0,28.0,23.5,,96,
James Thrash,WAS,WR,23,10,1,0,0,0,0,0,0,0,,0,21,10,163,16.30,1,0,,1,,,22,32.3,35.3,27.3,,105,
Russell Copeland,2TM,WR,27,14,1,0,0,0,0,0,0,0,,0,44,20,232,11.60,0,1,1,0,,,21,41.2,45.2,31.2,,109,
Charles Evans,MIN,FB,31,16,8,0,0,0,0,0,23,67,2.91,1,13,12,84,7.00,0,0,,1,,,21,33.1,33.1,27.1,,98,
John Friesz,SEA,QB,31,6,1,29,49,409,2,2,5,5,1.00,0,0,0,0,,0,0,,0,,,21,20.9,25.9,22.9,,55,
Glyn Milburn,CHI,RB,27,16,1,0,0,0,0,0,4,8,2.00,0,6,4,37,9.25,0,1,1,3,,,21,24.5,25.5,22.5,,99,
Lovett Purnell,NWE,TE,26,16,5,0,0,0,0,0,0,0,,0,26,12,92,7.67,2,0,,2,,,21,33.2,33.2,27.2,,36,
,,,,,,,,,,,,,,,,,,,,,,,,,,,,,,,
David Sloan,DET,TE,26,10,2,0,0,0,0,0,0,0,,0,20,11,146,13.27,1,0,,1,,,21,31.6,34.6,26.1,,37,
Greg Clark,SFO,TE,26,13,9,0,0,0,0,0,0,0,,0,26,12,124,10.33,1,0,,1,1,,20,32.4,35.4,26.4,,38,
Randy Jordan,OAK,RB,28,16,0,0,0,0,0,0,47,159,3.38,1,3,3,2,0.67,0,1,1,1,,,20,23.1,27.1,21.6,,100,
Todd Kinchen,ATL,WR,29,11,0,0,0,0,0,0,0,0,,0,20,11,157,14.27,1,2,1,1,,,20,30.7,34.7,25.2,,110,
Roland Williams,STL,TE,23,13,9,0,0,0,0,0,0,0,,0,21,15,144,9.60,1,0,,1,,,20,35.4,38.4,27.9,,39,
Eric Bieniemy,CIN,RB,29,16,0,0,0,0,0,0,17,56,3.29,0,35,27,153,5.67,0,1,1,0,,,19,45.9,49.9,32.4,,102,
Tremayne Stephens,SDG,RB,22,13,1,0,0,0,0,0,35,122,3.49,1,6,2,9,4.50,0,1,,1,,,19,21.1,24.1,20.1,,101,
Scott Zolak,NWE,QB,31,6,2,32,75,371,3,3,5,0,0.00,0,0,0,0,,0,1,1,0,,,19,18.8,25.8,21.8,,56,
Luther Broughton,CAR,TE,24,16,4,0,0,0,0,0,0,0,,0,14,6,142,23.67,1,1,1,1,,,18,24.2,28.2,21.2,,40,
Alonzo Mayes,CHI,TE,23,16,16,0,0,0,0,0,0,0,,0,36,21,217,10.33,0,2,2,0,,,18,38.7,43.7,28.2,,42,
Roell Preston*,GNB,WR,26,16,0,0,0,0,0,0,0,0,,0,2,2,23,11.50,0,7,1,3,,,18,20.3,21.3,19.3,,111,
Stanley Pritchett,MIA,FB,25,16,12,0,0,0,0,0,6,19,3.17,1,30,17,97,5.71,0,0,,1,,,18,34.6,34.6,26.1,,105,
Walter Rasby,DET,TE,26,16,16,0,0,0,0,0,0,0,,0,26,15,119,7.93,1,0,,1,,,18,32.9,35.9,25.4,,41,
Tony Richardson,KAN,FB,27,14,1,0,0,0,0,0,20,45,2.25,2,3,2,13,6.50,0,0,,2,,,18,19.8,19.8,18.8,,104,
James Roe,BAL,WR,25,10,3,0,0,0,0,0,0,0,,0,15,8,115,14.38,1,0,,1,,,18,25.5,28.5,21.5,,112,
Jerald Sowell,NYJ,FB,24,16,2,0,0,0,0,0,40,164,4.10,0,12,10,59,5.90,0,2,2,0,,,18,28.3,33.3,23.3,,103,
Mack Strong,SEA,FB,27,16,5,0,0,0,0,0,15,47,3.13,0,14,8,48,6.00,2,2,2,2,,,18,25.5,27.5,21.5,,106,
Tony Carter,NWE,FB,26,11,7,0,0,0,0,0,2,3,1.50,0,25,18,166,9.22,0,0,,0,,,17,34.9,37.9,25.9,,107,
James Hundon,CIN,WR,27,9,3,0,0,0,0,0,0,0,,0,21,10,112,11.20,1,0,,1,,,17,27.2,30.2,22.2,,114,
Willie Jackson,CIN,WR,27,8,0,0,0,0,0,0,0,0,,0,16,7,165,23.57,0,0,,0,,,17,23.5,26.5,20.0,,115,
Paul Justin,CIN,QB,30,5,3,34,63,426,1,3,1,2,2.00,0,0,0,0,,0,0,,0,1,,17,17.2,23.2,20.2,,57,
Scott Mitchell,DET,QB,30,2,2,38,75,452,1,3,7,30,4.29,0,0,0,0,,0,1,1,0,,,17,17.1,24.1,20.1,,58,
Chris Thomas,WAS,WR,27,14,0,0,0,0,0,0,0,0,,0,20,14,173,12.36,0,0,,0,,,17,31.3,34.3,24.3,,113,
Brian Blades,SEA,WR,33,16,6,0,0,0,0,0,0,0,,0,28,15,184,12.27,0,1,1,0,,,16,31.4,35.4,23.9,,116,
Vaughn Hebron,DEN,RB,28,15,0,0,0,0,0,0,9,31,3.44,1,3,2,5,2.50,0,0,,2,,,16,17.6,17.6,16.6,,108,
Brian Kozlowski,ATL,TE,28,16,4,0,0,0,0,0,0,0,,0,12,10,103,10.30,1,0,,1,,,16,26.3,29.3,21.3,,43,
Jay Graham,BAL,RB,23,5,1,0,0,0,0,0,35,109,3.11,0,10,5,41,8.20,0,0,,0,,,15,20.0,23.0,17.5,,109,
Brice Hunter,TAM,WR,24,10,0,0,0,0,0,0,0,0,,0,10,4,73,18.25,1,0,,1,1,,15,19.3,19.3,17.3,,117,
Joe Jurevicius,NYG,WR,24,14,1,0,0,0,0,0,0,0,,0,22,9,146,16.22,0,0,,0,,,15,23.6,26.6,19.1,,118,
Michael Roan,TEN,TE,26,16,1,0,0,0,0,0,0,0,,0,22,13,93,7.15,0,1,,1,,,15,28.3,28.3,21.8,,44,
,,,,,,,,,,,,,,,,,,,,,,,,,,,,,,,
Daryl Johnston,DAL,FB,32,16,13,0,0,0,0,0,8,17,2.13,0,23,18,60,3.33,1,0,,1,,,14,31.7,31.7,22.7,,111,
Fred McAfee,PIT,RB,30,14,0,0,0,0,0,0,18,111,6.17,0,13,9,27,3.00,0,0,,0,,,14,22.8,25.8,18.3,,110,
Stepfret Williams,CIN,WR,25,5,0,0,0,0,0,0,0,0,,0,13,6,81,13.50,1,0,,1,,,14,20.1,20.1,17.1,,119,
Fabien Bownes,CHI,WR,26,16,0,0,0,0,0,0,0,0,,0,9,5,69,13.80,1,0,,1,,,13,17.9,17.9,15.4,,120,
Jason Dunn,PHI,TE,25,10,10,0,0,0,0,0,1,-5,-5.00,0,30,18,132,7.33,0,1,,0,,,13,30.7,33.7,21.7,,45,
George Jones,JAX,RB,25,12,0,0,0,0,0,0,39,121,3.10,0,2,1,9,9.00,0,0,,0,,,13,14.0,17.0,13.5,,112,
Mike Archie,TEN,RB,26,16,0,1,2,18,1,0,6,24,4.00,1,5,5,25,5.00,0,3,2,1,,,12,16.6,18.6,14.1,,114,
Larry Bowie,WAS,FB,25,5,4,0,0,0,0,0,4,8,2.00,0,10,7,53,7.57,1,0,,1,,,12,19.1,19.1,15.6,,113,
Pete Chryplewicz,DET,TE,24,16,2,0,0,0,0,0,0,0,,0,7,4,20,5.00,2,1,1,2,,,12,16.0,17.0,14.0,,46,
Henry Ellard,2TM,WR,37,7,0,0,0,0,0,0,0,0,,0,18,7,115,16.43,0,0,,0,,,12,18.5,21.5,15.0,,124,
Eric Guliford,NOR,WR,29,5,1,0,0,0,0,0,0,0,,0,19,10,124,12.40,0,1,,0,,,12,22.4,25.4,17.4,,121,
Billy Joe Hobert,NOR,QB,27,1,1,11,23,170,1,0,2,13,6.50,0,0,0,0,,0,0,,0,,,12,12.1,12.1,12.1,,60,
Nate Jacquet,MIA,WR,23,15,0,0,0,0,0,0,0,0,,0,16,8,122,15.25,0,0,,0,,,12,20.2,23.2,16.2,,123,
Robb Thomas,TAM,WR,32,7,0,0,0,0,0,0,0,0,,0,5,2,63,31.50,1,0,,1,,,12,14.3,14.3,13.3,,122,
Mike Tomczak,PIT,QB,36,16,0,21,30,204,2,2,0,0,,0,0,0,0,,0,2,2,0,,2,12,12.2,16.2,14.2,,59,
Marco Battaglia,CIN,TE,25,16,0,0,0,0,0,0,0,0,,0,20,10,47,4.70,1,1,,1,,,11,20.7,20.7,15.7,,49,
Tommie Boyd,DET,WR,27,9,0,0,0,0,0,0,0,0,,0,11,4,52,13.00,1,0,,1,,,11,15.2,15.2,13.2,,125,
Andre Coleman,PIT,WR,26,4,0,0,0,0,0,0,0,0,,0,13,4,49,12.25,1,1,,1,,,11,14.9,14.9,12.9,,126,
Ernie Conwell,STL,TE,26,7,7,0,0,0,0,0,0,0,,0,30,15,105,7.00,0,0,,0,,,11,25.5,28.5,18.0,,50,
Carlester Crumpler,SEA,TE,27,11,1,0,0,0,0,0,0,0,,0,11,6,52,8.67,1,0,,1,,,11,17.2,17.2,14.2,,47,
Gus Frerotte,WAS,QB,27,3,2,25,54,283,1,3,3,20,6.67,0,0,0,0,,0,0,,0,,,11,11.3,14.3,14.3,,61,
Brian Kinchen,BAL,TE,33,16,5,0,0,0,0,0,0,0,,0,20,13,110,8.46,0,0,,0,,,11,24.0,27.0,17.5,,48,
Doug Pederson,GNB,QB,30,12,0,14,24,128,2,0,8,-4,-0.50,0,0,0,0,,0,1,1,0,,,11,10.7,11.7,10.7,,62,
Chris Sanders,TEN,WR,26,14,1,0,0,0,0,0,1,-9,-9.00,0,20,5,136,27.20,0,1,1,0,,,11,15.7,19.7,13.2,,127,
Rashaan Shehee,KAN,RB,23,16,0,0,0,0,0,0,22,57,2.59,0,22,10,73,7.30,0,2,1,0,,,11,21.0,22.0,16.0,,115,
Desmond Howard,OAK,WR,28,15,1,0,0,0,0,0,0,0,,0,2,2,16,8.00,0,4,2,2,,,10,11.6,13.6,10.6,,129,
Lorenzo Neal,TAM,FB,28,16,1,0,0,0,0,0,5,25,5.00,0,8,5,14,2.80,1,0,,1,,,10,14.9,14.9,12.4,,117,
Wilmont Perry,NOR,RB,23,6,2,0,0,0,0,0,30,122,4.07,0,6,1,2,2.00,0,1,1,0,,,10,11.4,15.4,10.9,,116,
Marcus Robinson,CHI,WR,23,3,0,0,0,0,0,0,0,0,,0,6,4,44,11.00,1,0,,1,,,10,14.4,14.4,12.4,,128,
Kaseem Sinceno,PHI,TE,22,10,0,0,0,0,0,0,0,0,,0,8,3,42,14.00,1,1,,1,,,10,13.2,13.2,11.7,,51,
,,,,,,,,,,,,,,,,,,,,,,,,,,,,,,,
Steve Broussard,SEA,RB,31,15,0,0,0,0,0,0,5,4,0.80,0,7,4,21,5.25,0,1,,1,,,9,12.5,12.5,10.5,,120,
Derek Brown,OAK,TE,28,16,4,0,0,0,0,0,0,0,,0,8,7,89,12.71,0,0,,0,,,9,15.9,15.9,12.4,,54,
David Dunn,2TM,WR,26,11,0,0,0,0,0,0,0,0,,0,17,9,87,9.67,0,1,,0,,,9,17.7,17.7,13.2,,131,
Chris Fontenot,PHI,TE,24,5,3,0,0,0,0,0,0,0,,0,12,8,90,11.25,0,0,,0,,,9,17.0,17.0,13.0,,52,
Ted Popson,KAN,TE,32,12,1,0,0,0,0,0,0,0,,0,18,13,90,6.92,0,0,,0,,,9,22.0,22.0,15.5,,53,
Cory Schlesinger,DET,FB,26,15,2,0,0,0,0,0,5,17,3.40,0,6,3,16,5.33,1,0,,1,,,9,12.3,12.3,10.8,,118,
Webster Slaughter,SDG,WR,34,10,0,0,0,0,0,0,0,0,,0,23,8,93,11.63,0,0,,0,,,9,17.3,17.3,13.3,,130,
Jeff Thomason,GNB,TE,29,16,2,0,0,0,0,0,0,0,,0,10,9,89,9.89,0,0,,0,,,9,17.9,17.9,13.4,,55,
Corey Walker,PHI,RB,25,14,0,0,0,0,0,0,12,55,4.58,0,2,2,35,17.50,0,0,,0,,,9,11.0,11.0,10.0,,119,
Moses Moreno,CHI,QB,23,2,1,19,43,166,1,0,4,9,2.25,0,0,0,0,,0,2,2,0,,,8,7.5,9.5,7.5,,63,
Marcus Nash,DEN,WR,22,8,0,0,0,0,0,0,0,0,,0,5,4,76,19.00,0,0,,0,,,8,11.6,11.6,9.6,,133,
Jeff Ogden,DAL,WR,23,16,0,0,0,0,0,0,1,12,12.00,0,15,8,63,7.88,0,1,,0,,,8,15.5,15.5,11.5,,134,
Brian Stablein,DET,WR,28,10,0,0,0,0,0,0,0,0,,0,11,7,80,11.43,0,0,,0,,,8,15.0,15.0,11.5,,132,
Jon Witman,PIT,FB,26,16,9,0,0,0,0,0,1,2,2.00,0,20,13,74,5.69,0,0,,0,,,8,20.6,20.6,14.1,,121,
Isaac Byrd,TEN,WR,24,4,3,0,0,0,0,0,0,0,,0,8,6,71,11.83,0,0,,0,,,7,13.1,13.1,10.1,,136,
Howard Cross,NYG,TE,31,16,16,0,0,0,0,0,0,0,,0,29,13,90,6.92,0,2,1,0,,,7,20.0,21.0,13.5,,57,
John Davis,TAM,TE,25,16,0,0,0,0,0,0,0,0,,0,3,2,12,6.00,1,0,,1,,,7,9.2,9.2,8.2,,56,
Harold Green,ATL,RB,30,6,0,0,0,0,0,0,20,37,1.85,0,2,2,34,17.00,0,1,,0,,,7,9.1,9.1,8.1,,122,
Mark Harris,SFO,WR,28,10,0,0,0,0,0,0,0,0,,0,2,2,67,33.50,0,0,,0,,,7,8.7,8.7,7.7,,137,
Deems May,SEA,TE,29,16,1,0,0,0,0,0,0,0,,0,3,3,7,2.33,1,0,,1,,,7,9.7,9.7,8.2,,58,
Michael Pittman,ARI,RB,23,15,0,0,0,0,0,0,29,91,3.14,0,0,0,0,,0,1,1,0,,,7,7.1,8.1,7.1,,123,
Iheanyi Uwaezuoke,2TM,WR,25,11,0,0,0,0,0,0,0,0,,0,8,3,67,22.33,0,0,,0,,,7,9.7,9.7,8.2,,138,
Alvis Whitted,JAX,WR,24,16,0,0,0,0,0,0,3,13,4.33,0,6,2,61,30.50,0,0,,0,,,7,9.4,9.4,8.4,,135,
Michael Bates*,CAR,RB,29,14,0,0,0,0,0,0,0,0,,0,0,0,0,,0,1,,1,,,6,6.0,6.0,6.0,,125,
Rae Carruth,CAR,WR,24,2,1,0,0,0,0,0,0,0,,0,5,4,59,14.75,0,0,,0,,,6,9.9,9.9,7.9,,143,
Greg DeLong,MIN,TE,25,15,5,0,0,0,0,0,0,0,,0,10,8,58,7.25,0,0,,0,,,6,13.8,13.8,9.8,,59,
Tony Graziani,ATL,QB,25,4,1,16,33,199,0,2,4,21,5.25,0,1,0,0,,0,0,,0,,,6,6.1,8.1,8.1,,65,
Donald Hayes,CAR,WR,23,7,0,0,0,0,0,0,0,0,,0,9,3,62,20.67,0,0,,0,,,6,9.2,9.2,7.7,,139,
Tony Horne,STL,WR,22,16,0,0,0,0,0,0,0,0,,0,0,0,0,,0,1,,1,,,6,6.0,6.0,6.0,,142,
Dietrich Jells,PHI,WR,26,9,0,0,0,0,0,0,2,9,4.50,0,9,2,53,26.50,0,0,,0,,,6,8.2,8.2,7.2,,140,
,,,,,,,,,,,,,,,,,,,,,,,,,,,,,,,
Joey Kent,TEN,WR,24,10,0,0,0,0,0,0,0,0,,0,8,4,62,15.50,0,0,,0,,,6,10.2,10.2,8.2,,141,
Eric Kresser,CIN,QB,25,2,0,10,21,164,1,2,1,-1,-1.00,0,0,0,0,,0,0,,0,,,6,6.5,8.5,8.5,,64,
Dave Krieg,TEN,QB,40,5,0,12,21,199,0,0,3,-1,-0.33,0,0,0,0,,0,3,1,0,,,6,5.9,6.9,5.9,,66,
Moe Williams,MIN,RB,24,12,1,0,0,0,0,0,0,0,,0,1,1,64,64.00,0,1,,0,,,6,7.4,7.4,6.9,,124,
Tyji Armstrong,STL,TE,28,12,0,0,0,0,0,0,0,0,,0,11,6,54,9.00,0,0,,0,,,5,11.4,11.4,8.4,,60,
Fred Baxter,NYJ,TE,27,14,2,0,0,0,0,0,0,0,,0,7,3,50,16.67,0,0,,0,,,5,8.0,8.0,6.5,,62,
Dwayne Carswell,DEN,TE,26,16,1,0,0,0,0,0,0,0,,0,10,4,51,12.75,0,0,,0,,,5,9.1,9.1,7.1,,61,
Tim Lester,PIT,FB,30,9,7,0,0,0,0,0,0,0,,0,13,9,46,5.11,0,0,,0,,,5,13.6,13.6,9.1,,127,
Kenny Shedd,OAK,WR,27,15,0,0,0,0,0,0,0,0,,0,6,3,50,16.67,0,0,,0,,,5,8.0,8.0,6.5,,144,
Chris Walsh,MIN,WR,30,15,0,0,0,0,0,0,0,0,,0,4,2,46,23.00,0,0,,0,,,5,6.6,6.6,5.6,,145,
Tyrone Wheatley,NYG,RB,26,5,0,0,0,0,0,0,14,52,3.71,0,0,0,0,,0,0,,0,,,5,5.2,5.2,5.2,,126,
Steve Bush,CIN,TE,24,12,2,0,0,0,0,0,0,0,,0,4,4,39,9.75,0,0,,0,,,4,7.9,7.9,5.9,,63,
Byron Chamberlain,DEN,TE,27,16,0,0,0,0,0,0,0,0,,0,5,3,35,11.67,0,0,,0,,,4,6.5,6.5,5.0,,64,
Gary Downs,ATL,RB,26,16,1,0,0,0,0,0,1,4,4.00,0,6,4,31,7.75,0,0,,0,,,4,7.5,7.5,5.5,,130,
Keith Elias,IND,RB,26,13,0,0,0,0,0,0,8,24,3.00,0,1,1,11,11.00,0,0,,0,,,4,4.5,4.5,4.0,,131,
Dave Meggett,NYJ,RB,32,2,0,0,0,0,0,0,7,24,3.43,0,3,1,15,15.00,0,0,,0,,,4,4.9,4.9,4.4,,129,
Ken Oxendine,ATL,RB,23,9,0,0,0,0,0,0,18,50,2.78,0,1,1,11,11.00,0,1,1,0,,,4,5.1,6.1,4.6,,128,
Alex Van Dyke,NYJ,WR,24,16,0,0,0,0,0,0,0,0,,0,8,5,40,8.00,0,0,,0,,,4,9.0,9.0,6.5,,146,
Ryan Yarborough,BAL,WR,27,6,1,0,0,0,0,0,0,0,,0,7,4,39,9.75,0,0,,0,,,4,7.9,7.9,5.9,,147,
Michael Blair,2TM,RB,24,13,0,0,0,0,0,0,3,7,2.33,0,3,3,20,6.67,0,1,,0,,,3,5.7,5.7,4.2,,135,
Corey Bradford,GNB,WR,23,8,0,0,0,0,0,0,0,0,,0,7,3,27,9.00,0,1,,0,,,3,5.7,5.7,4.2,,148,
John Burke,SDG,TE,27,10,6,0,0,0,0,0,0,0,,0,5,3,32,10.67,0,0,,0,,,3,6.2,6.2,4.7,,66,
Kenny Bynum,SDG,RB,24,10,0,0,0,0,0,0,11,23,2.09,0,5,4,27,6.75,0,3,1,0,,,3,7.0,8.0,5.0,,132,
Ki-Jana Carter,CIN,RB,25,1,0,0,0,0,0,0,2,4,2.00,0,6,6,25,4.17,0,0,,0,,,3,8.9,8.9,5.9,,133,
Hayward Clay,DAL,TE,25,3,2,0,0,0,0,0,0,0,,0,1,1,27,27.00,0,0,,0,,,3,3.7,3.7,3.2,,68,
Chris Floyd,NWE,RB,23,16,2,0,0,0,0,0,6,22,3.67,0,2,1,6,6.00,0,0,,0,,,3,3.8,3.8,3.3,,134,
Andy Haase,NYG,TE,24,7,1,0,0,0,0,0,0,0,,0,2,2,33,16.50,0,0,,0,,,3,5.3,5.3,4.3,,65,
Patrick Hape,TAM,TE,24,16,2,0,0,0,0,0,0,0,,0,8,4,27,6.75,0,1,1,0,1,,3,6.7,7.7,4.7,,69,
Frank Hartley,SDG,TE,31,16,3,0,0,0,0,0,0,0,,0,4,2,28,14.00,0,0,,0,,,3,4.8,4.8,3.8,,67,
Ray Lucas,NYJ,QB,26,15,0,1,3,27,0,0,5,23,4.60,0,0,0,0,,0,0,,0,,,3,3.4,3.4,3.4,,67,
,,,,,,,,,,,,,,,,,,,,,,,,,,,,,,,
Justin Armour,DEN,WR,25,8,0,0,0,0,0,0,0,0,,0,5,1,23,23.00,0,0,,0,,,2,3.3,3.3,2.8,,149,
Wendell Davis,SDG,TE,23,11,7,0,0,0,0,0,0,0,,0,5,4,23,5.75,0,0,,0,,,2,6.3,6.3,4.3,,70,
Jerry Ellison,TAM,RB,27,16,0,0,0,0,0,0,9,24,2.67,0,0,0,0,,0,0,,0,,,2,2.4,2.4,2.4,,136,
Hunter Goodwin,MIN,TE,26,15,0,0,0,0,0,0,0,0,,0,3,3,16,5.33,0,0,,0,,,2,4.6,4.6,3.1,,74,
Craig Heyward,IND,RB,32,4,3,0,0,0,0,0,6,15,2.50,0,1,1,9,9.00,0,0,,0,,,2,3.4,3.4,2.9,,137,
Chris Howard,JAX,RB,23,8,0,0,0,0,0,0,7,16,2.29,0,1,1,3,3.00,0,0,,0,,,2,2.9,2.9,2.4,,139,
Danan Hughes,KAN,WR,28,16,0,1,1,25,0,0,0,0,,0,6,1,10,10.00,0,0,,0,,,2,3.0,3.0,2.5,,150,
Charles Jordan,MIA,WR,29,3,0,0,0,0,0,0,0,0,,0,5,2,17,8.50,0,2,,0,,,2,3.7,3.7,2.7,,151,
Mitch Lyons,PIT,TE,28,15,0,0,0,0,0,0,0,0,,0,4,3,19,6.33,0,0,,0,,,2,4.9,4.9,3.4,,72,
Itula Mili,SEA,TE,25,7,0,0,0,0,0,0,0,0,,0,2,1,20,20.00,0,0,,0,,,2,3.0,3.0,2.5,,71,
Mike Sellers,WAS,TE,23,14,1,0,0,0,0,0,0,0,,0,7,3,18,6.00,0,0,,0,,,2,4.8,4.8,3.3,,73,
Detron Smith,DEN,RB,24,15,2,0,0,0,0,0,0,0,,0,6,3,24,8.00,0,0,,0,,,2,5.4,5.4,3.9,,138,
Kurt Warner,STL,QB,27,1,0,4,11,39,0,0,0,0,,0,0,0,0,,0,0,,0,,,2,1.6,1.6,1.6,,68,
Brian Alford,NYG,WR,23,2,0,0,0,0,0,0,0,0,,0,6,1,11,11.00,0,0,,0,,,1,2.1,2.1,1.6,,154,
Richie Anderson,NYJ,FB,27,8,1,0,0,0,0,0,1,2,2.00,0,5,3,12,4.00,0,0,,0,,,1,4.4,4.4,2.9,,140,
Ronnie Anderson,ARI,WR,24,4,0,0,0,0,0,0,0,0,,0,3,1,8,8.00,0,0,,0,,,1,1.8,1.8,1.3,,156,
Fred Beasley,SFO,FB,24,16,0,0,0,0,0,0,0,0,,0,1,1,11,11.00,0,0,,0,,,1,2.1,2.1,1.6,,141,
Fred Brock,ARI,WR,24,12,0,0,0,0,0,0,0,0,,0,7,2,12,6.00,0,0,,0,,,1,3.2,3.2,2.2,,153,
Dave Brown,ARI,QB,28,1,0,2,5,31,0,0,1,2,2.00,0,0,0,0,,0,0,,0,,,1,1.4,1.4,1.4,,69,
Greg Comella,NYG,FB,23,16,0,0,0,0,0,0,1,6,6.00,0,4,1,3,3.00,0,0,,0,,,1,1.9,1.9,1.4,,142,
Kenyon Cotton,BAL,RB,24,12,0,0,0,0,0,0,2,8,4.00,0,0,0,0,,0,0,,0,,,1,0.8,0.8,0.8,,143,
Todd Doxzon,MIA,WR,23,9,0,0,0,0,0,0,2,6,3.00,0,1,0,0,,0,0,,0,,,1,0.6,0.6,0.6,,158,
John Farquhar,NOR,TE,26,5,0,0,0,0,0,0,0,0,,0,5,1,13,13.00,0,0,,0,,,1,2.3,2.3,1.8,,76,
Ronnie Harris,2TM,WR,28,8,0,0,0,0,0,0,0,0,,0,2,1,14,14.00,0,2,,0,,,1,2.4,2.4,1.9,,152,
Damon Huard,MIA,QB,25,2,0,6,9,85,0,1,0,0,,0,0,0,0,,0,0,,0,,,1,1.4,2.4,2.4,,70,
Jimmie Johnson,PHI,TE,32,3,3,0,0,0,0,0,0,0,,0,2,2,14,7.00,0,0,,0,,,1,3.4,3.4,2.4,,75,
Tony Johnson,NOR,TE,26,11,0,0,0,0,0,0,0,0,,0,4,1,8,8.00,0,0,,0,,,1,1.8,1.8,1.3,,80,
Andrew Jordan,PHI,TE,26,3,0,0,0,0,0,0,0,0,,0,2,2,9,4.50,0,0,,0,,,1,2.9,2.9,1.9,,79,
Henry Lusk,MIA,TE,26,3,1,0,0,0,0,0,1,7,7.00,0,0,0,0,,0,0,,0,,,1,0.7,0.7,0.7,,81,
Kris Mangum,CAR,TE,25,6,0,0,0,0,0,0,0,0,,0,1,1,5,5.00,0,0,,0,,,1,1.5,1.5,1.0,,82,
,,,,,,,,,,,,,,,,,,,,,,,,,,,,,,,
Steve Matthews,TEN,QB,28,1,0,2,3,24,0,0,0,0,,0,0,0,0,,0,0,,0,,,1,1.0,1.0,1.0,,71,
Will Moore,JAX,WR,28,16,0,0,0,0,0,0,0,0,,0,4,1,9,9.00,0,0,,0,,,1,1.9,1.9,1.4,,155,
Harold Morrow,MIN,FB,25,11,0,0,0,0,0,0,3,7,2.33,0,0,0,0,,0,0,,0,,,1,0.7,0.7,0.7,,144,
Scott Slutzker,NOR,TE,26,3,0,0,0,0,0,0,0,0,,0,1,1,10,10.00,0,0,,0,,,1,2.0,2.0,1.5,,77,
Blake Spence,NYJ,TE,23,5,0,0,0,0,0,0,0,0,,0,1,1,5,5.00,0,0,,0,,,1,1.5,1.5,1.0,,83,
Dwight Stone,CAR,WR,34,16,0,0,0,0,0,0,0,0,,0,3,1,7,7.00,0,0,,0,,,1,1.7,1.7,1.2,,157,
Josh Wilcox,NOR,TE,24,3,1,0,0,0,0,0,0,0,,0,1,1,10,10.00,0,0,,0,,,1,2.0,2.0,1.5,,78,
Pooh Bear Williams,BUF,RB,23,3,0,0,0,0,0,0,2,5,2.50,0,,0,0,,0,0,,0,,,1,0.5,0.5,0.5,,145,
John Allred,CHI,TE,24,4,0,0,0,0,0,0,0,0,,0,,0,0,,0,,,0,,,,,,,,86,
Jahine Arnold,PIT,WR,25,3,0,0,0,0,0,0,0,0,,0,4,0,0,,0,0,,0,,,,,,,,160,
Obafemi Ayanbadejo,MIN,RB,23,1,0,0,0,0,0,0,0,0,,0,,0,0,,0,,,0,,,,,,,,148,
Harold Bishop,PIT,TE,28,7,1,0,0,0,0,0,0,0,,0,3,1,4,4.00,0,0,,0,,,,1.4,1.4,0.9,,84,
Tony Bland,MIN,WR,26,1,0,0,0,0,0,0,0,0,,0,,0,0,,0,,,0,,,,,,,,161,
James Bostic,PHI,RB,26,2,0,0,0,0,0,0,0,0,,0,,0,0,,0,,,0,,,,,,,,149,
Jeremy Brigham,OAK,TE,23,2,0,0,0,0,0,0,0,0,,0,,0,0,,0,,,0,,,,,,,,87,
Reggie Brown,SEA,FB,25,15,1,0,0,0,0,0,1,2,2.00,0,0,0,0,,0,0,,0,,,,0.2,0.2,0.2,,146,
Mike Cherry,NYG,QB,25,1,0,0,1,0,0,0,3,-3,-1.00,0,0,0,0,,0,0,,0,,,,-0.3,-0.3,-0.3,,75,
Horace Copeland,MIA,WR,27,2,0,0,0,0,0,0,0,0,,0,2,0,0,,0,,,0,,,,,,,,162,
Kirby Dar Dar,MIA,WR,26,2,0,0,0,0,0,0,0,0,,0,,0,0,,0,,,0,,,,,,,,163,
Jim Druckenmiller,SFO,QB,26,2,0,0,0,0,0,0,3,-4,-1.33,0,0,0,0,,0,0,,0,,,,-0.4,-0.4,-0.4,,76,
Mike Dulaney,CAR,RB,28,8,0,0,0,0,0,0,0,0,,0,,0,0,,0,,,0,,,,,,,,150,
Chad Fann,SFO,TE,28,12,0,0,0,0,0,0,0,0,,0,1,0,0,,0,,,0,,,,,,,,88,
Tony Gaiter,SDG,WR,24,5,0,0,0,0,0,0,0,0,,0,0,0,0,,0,1,,0,,,,,,,,164,
Scott Galbraith,GNB,TE,31,1,0,0,0,0,0,0,0,0,,0,,0,0,,0,,,0,,,,,,,,89,
Spencer George,TEN,RB,25,5,0,0,0,0,0,0,0,0,,0,,0,0,,0,,,0,,,,,,,,151,
Jammi German,ATL,WR,24,6,0,0,0,0,0,0,0,0,,0,2,0,0,,0,,,0,,,,,,,,165,
Scott Greene,IND,RB,26,5,0,0,0,0,0,0,0,0,,0,1,1,2,2.00,0,0,,0,,,,1.2,1.2,0.7,,147,
Rich Griffith,JAX,TE,29,7,0,0,0,0,0,0,0,0,,0,,0,0,,0,,,0,,,,,,,,90,
Karl Hankton,PHI,WR,28,10,0,0,0,0,0,0,1,-4,-4.00,0,3,0,0,,0,0,,0,,,,-0.4,-0.4,-0.4,,175,
Terry Hardy,ARI,TE,22,9,0,0,0,0,0,0,0,0,,0,1,0,0,,0,,,0,,,,,,,,91,
,,,,,,,,,,,,,,,,,,,,,,,,,,,,,,,
Aaron Hayden,PHI,RB,25,1,0,0,0,0,0,0,0,0,,0,,0,0,,0,0,,0,,,,,,,,152,
Jarius Hayes,ARI,TE,25,16,0,0,0,0,0,0,0,0,,0,,0,0,,0,,,0,,,,,,,,92,
Chris Hetherington,IND,FB,26,14,1,0,0,0,0,0,0,0,,0,,0,0,,0,1,,0,,,,,,,,153,
Kevin Hickman,DET,TE,27,3,0,0,0,0,0,0,0,0,,0,,0,0,,0,,,0,,,,,,,,93,
Mitch Jacoby,STL,TE,25,5,0,0,0,0,0,0,0,0,,0,,0,0,,0,,,0,,,,,,,,94,
James Jenkins,WAS,TE,31,16,4,0,0,0,0,0,0,0,,0,3,0,0,,0,0,,0,,,,,,,,95,
Alonzo Johnson,NOR,WR,25,1,0,0,0,0,0,0,0,0,,0,2,0,0,,0,,,0,,,,,,,,166,
Carlos King,PIT,RB,25,1,0,0,0,0,0,0,0,0,,0,,0,0,,0,,,0,,,,,,,,154,
Jim Kitts,2TM,RB,26,5,0,0,0,0,0,0,0,0,,0,,0,0,,0,,,0,,,,,,,,155,
Anthony Ladd,NWE,WR,25,3,0,0,0,0,0,0,0,0,,0,10,0,0,,0,,,0,,,,,,,,167,
Chad Lewis,PHI,TE,27,2,0,0,0,0,0,0,0,0,,0,,0,0,,0,,,0,,,,,,,,96,
Harper LeBel,BAL,TE,35,5,0,0,0,0,0,0,0,0,,0,,0,0,,0,1,,0,,,,,,,,97,
Kamil Loud,BUF,WR,22,5,0,0,0,0,0,0,0,0,,0,2,0,0,,0,0,,0,,,,,,,,168,
Anthony Lynn,DEN,RB,30,16,0,0,0,0,0,0,0,0,,0,,0,0,,0,,,0,,,,,,,,156,
Brian Manning,GNB,WR,23,3,0,0,0,0,0,0,0,0,,0,,0,0,,0,,,0,,,,,,,,169,
Le'Shai Maston,WAS,RB,28,1,0,0,0,0,0,0,0,0,,0,,0,0,,0,,,0,,,,,,,,157,
Kaipo McGuire,IND,WR,24,1,0,0,0,0,0,0,0,0,,0,,0,0,,0,0,,0,,,,,,,,170,
Jerris McPhail,DET,RB,26,3,0,0,0,0,0,0,0,0,,0,,0,0,,0,0,,0,,,,,,,,158,
A.J. Ofodile,BAL,TE,25,5,0,0,0,0,0,0,0,0,,0,,0,0,,0,,,0,,,,,,,,98,
Brock Olivo,DET,RB,22,1,0,0,0,0,0,0,0,0,,0,,0,0,,0,,,0,,,,,,,,159,
Alfred Pupunu,NYG,TE,29,9,0,0,0,0,0,0,0,0,,0,2,1,2,2.00,0,0,,0,,,,1.2,1.2,0.7,,85,
Mike Quinn,DAL,QB,24,3,0,1,1,10,0,0,5,-6,-1.20,0,0,0,0,,0,0,,0,,,,-0.2,-0.2,-0.2,,74,
Latario Rachal,SDG,WR,25,11,0,0,0,0,0,0,0,0,,0,1,0,0,,0,4,,0,,,,,,,,171,
Travis Reece,DET,RB,23,3,0,0,0,0,0,0,0,0,,0,,0,0,,0,,,0,,,,,,,,160,
Mike Reed,PHI,RB,23,4,0,0,0,0,0,0,0,0,,0,,0,0,,0,,,0,,,,,,,,161,
Wally Richardson,BAL,QB,24,1,0,1,2,1,0,0,1,0,0.00,0,0,0,0,,0,1,,0,,,,,,,,72,
Brian Roche,KAN,TE,25,4,1,0,0,0,0,0,0,0,,0,1,0,0,,0,,,0,,,,,,,,99,
Rod Rutledge,NWE,TE,23,16,4,0,0,0,0,0,0,0,,0,,0,0,,0,,,0,,,,,,,,100,
Troy Sadowski,JAX,TE,33,5,0,0,0,0,0,0,0,0,,0,,0,0,,0,0,,0,,,,,,,,101,
Freddie Scott,IND,WR,24,1,0,0,0,0,0,0,0,0,,0,,0,0,,0,,,0,,,,,,,,172,
,,,,,,,,,,,,,,,,,,,,,,,,,,,,,,,
Harold Shaw,NWE,RB,24,11,0,0,0,0,0,0,0,0,,0,,0,0,,0,,,0,,,,,,,,162,
Ed Smith,ATL,TE,29,15,0,0,0,0,0,0,0,0,,0,1,0,0,,0,,,0,,,,,,,,102,
Nicky Sualua,DAL,RB,23,16,0,0,0,0,0,0,0,0,,0,1,0,0,,0,,,0,,,,,,,,163,
Willy Tate,KAN,TE,26,1,0,0,0,0,0,0,0,0,,0,,0,0,,0,,,0,,,,,,,,103,
Corey Thomas,DET,WR,23,1,0,0,0,0,0,0,0,0,,0,,0,0,,0,,,0,,,,,,,,173,
David Thompson,STL,RB,23,1,0,0,0,0,0,0,0,0,,0,,0,0,,0,,,0,,,,,,,,164,
Tamarick Vanover,KAN,WR,24,12,0,0,0,0,0,0,2,1,0.50,0,0,0,0,,0,2,,0,,,,0.1,0.1,0.1,,159,
Alex Van Pelt,BUF,QB,28,1,0,0,0,0,0,0,1,-1,-1.00,0,0,0,0,,0,0,,0,,,,-0.1,-0.1,-0.1,,73,
Jermaine Williams,OAK,RB,25,10,0,0,0,0,0,0,0,0,,0,2,0,0,,0,,,0,,,,,,,,165,
Robert Wilson,SEA,WR,24,16,0,0,0,0,0,0,0,0,,0,1,0,0,,0,0,,0,,,,,,,,174,
Duane Young,BUF,TE,30,4,0,0,0,0,0,0,0,0,,0,,0,0,,0,,,0,,,,,,,,104,
Zack Crockett,2TM,FB,26,12,2,0,0,0,0,0,2,5,2.50,0,4,2,5,2.50,0,1,1,0,,,-1,1.0,2.0,,,167,
Jay Fiedler,MIN,QB,27,5,0,3,7,41,0,1,4,-6,-1.50,0,0,0,0,,0,0,,0,,,-1,-1.0,,,,77,
Ronald Moore,MIA,RB,28,1,1,0,0,0,0,0,4,12,3.00,0,1,1,1,1.00,0,1,1,0,,,-1,0.3,1.3,-0.2,,166,
Aaron Bailey,IND,WR,27,9,0,0,0,0,0,0,0,0,,0,0,0,0,,0,2,1,0,,,-2,-2.0,-1.0,-2.0,,176,
Brian Griese,DEN,QB,23,1,0,1,3,2,0,1,4,-4,-1.00,0,0,0,0,,0,1,,0,,,-2,-2.3,-1.3,-1.3,,78,
Qadry Ismail,NOR,WR,28,10,1,0,0,0,0,0,0,0,,0,4,0,0,,0,2,1,0,,,-2,-2.0,-1.0,-2.0,,177,
Winslow Oliver,CAR,RB,25,16,0,0,0,0,0,0,0,0,,0,0,0,0,,0,1,1,0,,,-2,-2.0,-1.0,-2.0,,168,
Rodney Williams,OAK,WR,25,1,0,0,0,0,0,0,0,0,,0,,0,0,,0,1,1,0,,,-2,-2.0,-1.0,-2.0,,178,
Steve Walsh,TAM,QB,32,5,0,9,19,58,0,3,0,0,,0,0,0,0,,0,0,,0,,,-4,-3.7,-0.7,-0.7,,79,
