player,team,position,age,games,games_started,passing_completions,passing_attempts,passing_yards,passing_touchdowns,interceptions,rushing_attempts,rushing_yards,yards_per_attempt,rushing_touchdowns,receptions,receiving_yards,yards_per_reception,receiving_touchdowns,fumbles,fumbles_lost,total_touchdowns,two_point_conversions_made,two_point_conversion_attempts,fantasy_points,ppr_points,draft_kings_points,fan_duel_points,value_based_draft,position_rank,overall_rank
Ron Johnson*+,NYG,RB,23.0,14.0,14.0,0.0,0.0,0.0,0.0,0.0,263.0,1027.0,3.9,8.0,48.0,487.0,10.15,4.0,5.0,,12.0,,,218.0,266.4,274.9,242.4,135.0,1.0,1.0
Gene Washington*+,SFO,WR,23.0,13.0,13.0,0.0,0.0,0.0,0.0,0.0,0.0,0.0,,0.0,53.0,1100.0,20.75,12.0,0.0,,12.0,,,182.0,235.0,238.0,208.5,134.0,1.0,2.0
MacArthur Lane*,STL,FB,28.0,14.0,14.0,0.0,0.0,0.0,0.0,0.0,206.0,977.0,4.74,11.0,32.0,365.0,11.41,2.0,2.0,,13.0,,,210.0,242.2,249.2,226.2,126.0,2.0,3.0
Warren Wells*,OAK,WR,28.0,14.0,13.0,0.0,0.0,0.0,0.0,0.0,3.0,34.0,11.33,0.0,43.0,935.0,21.74,11.0,0.0,,11.0,,,163.0,205.9,208.9,184.4,112.0,2.0,4.0
John Brodie*+,SFO,QB,35.0,14.0,14.0,223.0,378.0,2941.0,24.0,10.0,9.0,29.0,3.22,2.0,0.0,0.0,,0.0,1.0,,2.0,,,208.0,207.5,221.0,217.5,105.0,1.0,5.0
Marlin Briscoe*,BUF,WR,25.0,14.0,14.0,0.0,0.0,0.0,0.0,0.0,3.0,19.0,6.33,0.0,57.0,1036.0,18.18,8.0,3.0,,8.0,,,151.0,207.5,212.0,179.0,98.0,3.0,6.0
Larry Brown*+,WAS,RB,23.0,13.0,13.0,0.0,0.0,0.0,0.0,0.0,237.0,1125.0,4.75,5.0,37.0,341.0,9.22,2.0,6.0,,7.0,,,183.0,219.6,228.6,201.1,94.0,3.0,7.0
Fran Tarkenton*,NYG,QB,30.0,14.0,14.0,219.0,389.0,2777.0,19.0,12.0,43.0,236.0,5.49,2.0,0.0,0.0,,0.0,3.0,,2.0,,,196.0,195.7,215.2,207.7,92.0,2.0,8.0
John Gilliam,STL,WR,25.0,14.0,14.0,0.0,0.0,0.0,0.0,0.0,5.0,68.0,13.6,1.0,45.0,952.0,21.16,5.0,3.0,,6.0,,,135.0,180.0,184.5,157.5,80.0,4.0,9.0
Ken Willard,SFO,FB,27.0,14.0,14.0,0.0,0.0,0.0,0.0,0.0,236.0,789.0,3.34,7.0,31.0,259.0,8.35,3.0,3.0,,10.0,,,162.0,192.8,200.3,177.3,70.0,4.0,10.0
John Hadl,SDG,QB,30.0,14.0,12.0,162.0,327.0,2388.0,22.0,15.0,28.0,188.0,6.71,1.0,0.0,0.0,,0.0,3.0,,1.0,,,175.0,175.3,197.8,190.3,68.0,3.0,11.0
Bo Scott,CLE,FB,27.0,13.0,13.0,0.0,0.0,0.0,0.0,0.0,151.0,625.0,4.14,7.0,40.0,351.0,8.78,4.0,4.0,,11.0,,,160.0,199.6,207.6,179.6,68.0,5.0,12.0
Sonny Jurgensen,WAS,QB,36.0,14.0,14.0,202.0,337.0,2354.0,23.0,10.0,6.0,39.0,6.5,1.0,0.0,0.0,,0.0,4.0,,1.0,,,172.0,172.1,187.1,182.1,65.0,4.0,13.0
Eddie Hinton,BAL,WR,23.0,13.0,13.0,0.0,0.0,0.0,0.0,0.0,5.0,58.0,11.6,2.0,47.0,733.0,15.6,5.0,0.0,,7.0,,,121.0,168.1,171.1,144.6,64.0,5.0,14.0
Roy Jefferson,BAL,WR,27.0,14.0,14.0,0.0,0.0,0.0,0.0,0.0,4.0,47.0,11.75,0.0,44.0,749.0,17.02,7.0,1.0,,7.0,,,121.0,164.6,168.1,142.6,64.0,6.0,15.0
Fred Biletnikoff*,OAK,WR,27.0,14.0,14.0,0.0,0.0,0.0,0.0,0.0,0.0,0.0,,0.0,45.0,768.0,17.07,7.0,0.0,,7.0,,,119.0,163.8,166.8,141.3,62.0,7.0,16.0
Jerry Smith,WAS,TE,27.0,14.0,14.0,0.0,0.0,0.0,0.0,0.0,2.0,29.0,14.5,0.0,43.0,575.0,13.37,9.0,0.0,,9.0,,,114.0,157.4,160.4,135.9,62.0,1.0,17.0
Mel Farr*,DET,FB,26.0,12.0,12.0,0.0,0.0,0.0,0.0,0.0,166.0,717.0,4.32,9.0,29.0,213.0,7.34,2.0,5.0,,11.0,,,154.0,183.0,191.5,168.5,61.0,6.0,18.0
Jim Mitchell,ATL,TE,23.0,14.0,14.0,0.0,0.0,0.0,0.0,0.0,5.0,23.0,4.6,1.0,44.0,650.0,14.77,6.0,0.0,,7.0,,,109.0,153.3,156.3,131.3,56.0,2.0,19.0
Donny Anderson,GNB,RB,27.0,14.0,14.0,0.0,1.0,0.0,0.0,0.0,222.0,853.0,3.84,5.0,36.0,414.0,11.5,0.0,8.0,,5.0,,,149.0,184.7,194.7,166.7,55.0,7.0,20.0
Jim Kiick,MIA,RB,24.0,14.0,13.0,1.0,1.0,25.0,0.0,0.0,191.0,658.0,3.45,6.0,42.0,497.0,11.83,0.0,4.0,,6.0,,,149.0,190.5,198.5,169.5,55.0,8.0,21.0
Willie Frazier,SDG,TE,28.0,14.0,12.0,0.0,0.0,0.0,0.0,0.0,5.0,120.0,24.0,1.0,38.0,497.0,13.08,6.0,1.0,,8.0,,,109.0,146.7,153.2,127.7,55.0,3.0,22.0
Daryle Lamonica*,OAK,QB,29.0,14.0,14.0,179.0,356.0,2516.0,22.0,15.0,8.0,24.0,3.0,0.0,0.0,0.0,,0.0,0.0,,0.0,,,161.0,161.0,179.0,176.0,52.0,5.0,23.0
John Fuqua,PIT,FB,24.0,14.0,14.0,0.0,0.0,0.0,0.0,0.0,138.0,691.0,5.01,7.0,23.0,289.0,12.57,2.0,7.0,,9.0,,,145.0,168.0,177.5,156.5,51.0,9.0,24.0
Paul Warfield*,MIA,WR,28.0,11.0,11.0,0.0,0.0,0.0,0.0,0.0,2.0,13.0,6.5,0.0,28.0,703.0,25.11,6.0,0.0,,6.0,,,108.0,135.6,138.6,121.6,49.0,8.0,25.0
Clifton McNeil,NYG,WR,30.0,14.0,14.0,0.0,0.0,0.0,0.0,0.0,4.0,7.0,1.75,0.0,50.0,764.0,15.28,4.0,0.0,,5.0,,,107.0,157.1,160.1,132.1,48.0,9.0,26.0
Leroy Kelly*,CLE,RB,28.0,13.0,13.0,0.0,0.0,0.0,0.0,0.0,206.0,656.0,3.18,6.0,24.0,311.0,12.96,2.0,3.0,,8.0,,,142.0,165.7,173.2,153.7,47.0,10.0,27.0
Roman Gabriel,RAM,QB,30.0,14.0,14.0,211.0,407.0,2552.0,16.0,12.0,28.0,104.0,3.71,1.0,0.0,0.0,,0.0,6.0,,1.0,,,152.0,152.5,173.5,164.5,42.0,6.0,28.0
Jackie Smith*,STL,TE,30.0,14.0,14.0,0.0,0.0,0.0,0.0,0.0,5.0,43.0,8.6,0.0,37.0,687.0,18.57,4.0,0.0,,4.0,,,97.0,134.0,137.0,115.5,42.0,4.0,29.0
,,,,,,,,,,,,,,,,,,,,,,,,,,,,,,
Raymond Chester*,OAK,TE,22.0,14.0,12.0,0.0,0.0,0.0,0.0,0.0,0.0,0.0,,0.0,42.0,556.0,13.24,7.0,1.0,,7.0,,,97.0,138.6,142.1,117.6,41.0,5.0,30.0
Larry Csonka*,MIA,FB,24.0,14.0,14.0,0.0,0.0,0.0,0.0,0.0,193.0,874.0,4.53,6.0,11.0,94.0,8.55,0.0,3.0,,6.0,,,130.0,140.8,145.3,135.3,34.0,11.0,31.0
Charlie Sanders*+,DET,TE,24.0,14.0,14.0,0.0,0.0,0.0,0.0,0.0,0.0,0.0,,0.0,40.0,544.0,13.6,6.0,0.0,,6.0,,,90.0,130.4,133.4,110.4,34.0,6.0,32.0
Gene Washington*,MIN,WR,26.0,14.0,14.0,0.0,0.0,0.0,0.0,0.0,0.0,0.0,,0.0,44.0,702.0,15.95,4.0,1.0,,4.0,,,93.0,137.2,140.7,115.2,33.0,10.0,33.0
Carroll Dale*,GNB,WR,32.0,14.0,14.0,0.0,0.0,0.0,0.0,0.0,2.0,9.0,4.5,0.0,49.0,814.0,16.61,2.0,2.0,,2.0,,,92.0,141.3,145.3,116.8,32.0,11.0,34.0
Ron Shanklin,PIT,WR,22.0,14.0,14.0,0.0,0.0,0.0,0.0,0.0,0.0,0.0,,0.0,30.0,691.0,23.03,4.0,1.0,,4.0,,,92.0,122.1,125.6,107.1,31.0,12.0,35.0
Harold Jackson,PHI,WR,24.0,14.0,12.0,0.0,0.0,0.0,0.0,0.0,1.0,-5.0,-5.0,0.0,41.0,613.0,14.95,5.0,0.0,,5.0,,,91.0,131.8,134.8,111.3,30.0,13.0,36.0
Bob Tucker,NYG,TE,25.0,14.0,13.0,0.0,0.0,0.0,0.0,0.0,0.0,0.0,,0.0,40.0,571.0,14.28,5.0,0.0,,5.0,,,87.0,127.1,130.1,107.1,30.0,7.0,37.0
Ed Podolak,KAN,RB,23.0,14.0,9.0,2.0,2.0,40.0,0.0,0.0,168.0,749.0,4.46,3.0,26.0,307.0,11.81,1.0,6.0,,4.0,,,125.0,151.2,160.2,138.2,28.0,12.0,38.0
Paul Robinson,CIN,RB,26.0,14.0,14.0,0.0,0.0,0.0,0.0,0.0,149.0,622.0,4.17,6.0,17.0,175.0,10.29,1.0,0.0,,7.0,,,122.0,138.7,144.7,130.2,24.0,13.0,39.0
Lance Alworth,SDG,WR,30.0,14.0,13.0,0.0,0.0,0.0,0.0,0.0,0.0,0.0,,0.0,35.0,608.0,17.37,4.0,0.0,,4.0,,,85.0,119.8,122.8,102.3,23.0,15.0,40.0
Larry Walton,DET,WR,23.0,13.0,11.0,0.0,0.0,0.0,0.0,0.0,2.0,20.0,10.0,0.0,30.0,532.0,17.73,5.0,0.0,,5.0,,,85.0,115.2,118.2,100.2,23.0,14.0,41.0
Dave Osborn*,MIN,RB,27.0,14.0,10.0,0.0,0.0,0.0,0.0,0.0,207.0,681.0,3.29,5.0,23.0,202.0,8.78,1.0,5.0,,6.0,,,119.0,142.3,150.8,130.8,22.0,14.0,42.0
Jack Concannon,CHI,QB,27.0,14.0,13.0,194.0,385.0,2130.0,16.0,18.0,42.0,136.0,3.24,2.0,0.0,0.0,,0.0,6.0,,2.0,,,133.0,132.8,159.8,150.8,20.0,7.0,43.0
Floyd Little*,DEN,RB,28.0,14.0,14.0,0.0,2.0,0.0,0.0,0.0,209.0,901.0,4.31,3.0,17.0,161.0,9.47,0.0,6.0,,3.0,,,118.0,135.2,144.2,126.7,20.0,15.0,44.0
Jerry LeVias,HOU,WR,24.0,14.0,14.0,0.0,1.0,0.0,0.0,1.0,7.0,37.0,5.29,0.0,41.0,529.0,12.9,5.0,2.0,,5.0,,,83.0,123.6,128.6,104.1,20.0,16.0,45.0
Gary Ballman,PHI,TE,30.0,14.0,13.0,0.0,1.0,0.0,0.0,0.0,0.0,0.0,,0.0,47.0,601.0,12.79,3.0,1.0,,3.0,,,77.0,124.1,127.6,100.6,19.0,8.0,46.0
Norm Snead,PHI,QB,31.0,14.0,13.0,181.0,335.0,2323.0,15.0,20.0,18.0,35.0,1.94,3.0,0.0,0.0,,0.0,3.0,,3.0,,,131.0,131.4,155.9,151.4,18.0,8.0,47.0
Otis Taylor,KAN,WR,28.0,13.0,10.0,0.0,0.0,0.0,0.0,0.0,3.0,13.0,4.33,0.0,34.0,618.0,18.18,3.0,1.0,,3.0,,,80.0,114.1,117.6,97.1,18.0,17.0,48.0
Ron Sellers,BOS,WR,23.0,13.0,13.0,0.0,0.0,0.0,0.0,0.0,0.0,0.0,,0.0,38.0,550.0,14.47,4.0,0.0,,4.0,,,79.0,117.0,120.0,98.0,16.0,18.0,49.0
Hewritt Dixon*,OAK,FB,30.0,14.0,14.0,0.0,0.0,0.0,0.0,0.0,197.0,861.0,4.37,1.0,31.0,207.0,6.68,1.0,6.0,,2.0,,,113.0,143.8,152.8,128.3,14.0,16.0,50.0
Al Denson,DEN,WR,28.0,14.0,14.0,0.0,0.0,0.0,0.0,0.0,0.0,0.0,,0.0,47.0,646.0,13.74,2.0,0.0,,2.0,,,77.0,123.6,126.6,100.1,14.0,19.0,51.0
Duane Thomas,DAL,RB,23.0,14.0,8.0,0.0,0.0,0.0,0.0,0.0,151.0,803.0,5.32,5.0,10.0,73.0,7.3,0.0,6.0,,5.0,,,112.0,121.6,127.6,116.6,13.0,17.0,52.0
Charlie Smith,OAK,RB,24.0,14.0,14.0,0.0,0.0,0.0,0.0,0.0,168.0,681.0,4.05,3.0,23.0,173.0,7.52,2.0,4.0,,5.0,,,111.0,134.4,142.4,122.9,13.0,18.0,53.0
Altie Taylor,DET,RB,23.0,14.0,14.0,0.0,0.0,0.0,0.0,0.0,198.0,666.0,3.36,2.0,27.0,261.0,9.67,2.0,6.0,,4.0,,,111.0,137.7,146.7,124.2,12.0,19.0,54.0
Alvin Reed,HOU,TE,26.0,13.0,13.0,0.0,0.0,0.0,0.0,0.0,0.0,0.0,,0.0,47.0,604.0,12.85,2.0,1.0,,2.0,,,71.0,118.4,121.9,94.9,12.0,9.0,55.0
Jim Whalen,DEN,TE,27.0,14.0,13.0,0.0,0.0,0.0,0.0,0.0,0.0,0.0,,0.0,36.0,503.0,13.97,3.0,1.0,,3.0,,,67.0,103.3,106.8,85.3,8.0,10.0,56.0
Craig Morton,DAL,QB,27.0,12.0,11.0,102.0,207.0,1819.0,15.0,7.0,16.0,37.0,2.31,0.0,0.0,0.0,,0.0,1.0,,0.0,,,121.0,121.5,132.0,128.5,7.0,9.0,57.0
Milt Morin,CLE,TE,28.0,14.0,11.0,0.0,0.0,0.0,0.0,0.0,1.0,2.0,2.0,0.0,37.0,611.0,16.51,1.0,1.0,,1.0,,,66.0,103.3,106.8,84.8,7.0,11.0,58.0
Jim Hart,STL,QB,26.0,14.0,14.0,171.0,373.0,2575.0,14.0,18.0,18.0,18.0,1.0,0.0,0.0,0.0,,0.0,6.0,,0.0,,,119.0,118.8,142.8,136.8,4.0,10.0,59.0
,,,,,,,,,,,,,,,,,,,,,,,,,,,,,,
George Blanda,OAK,QB,43.0,14.0,0.0,29.0,55.0,461.0,6.0,5.0,2.0,4.0,2.0,0.0,0.0,0.0,,0.0,1.0,,0.0,,,118.0,117.8,128.3,124.8,3.0,11.0,60.0
Jim Nance,BOS,FB,28.0,13.0,13.0,0.0,0.0,0.0,0.0,0.0,145.0,522.0,3.6,7.0,26.0,148.0,5.69,0.0,6.0,,7.0,,,103.0,129.0,138.0,116.0,3.0,20.0,61.0
Virgil Carter,CIN,QB,25.0,13.0,11.0,143.0,278.0,1647.0,9.0,9.0,34.0,246.0,7.24,2.0,0.0,0.0,,0.0,5.0,,2.0,,,115.0,115.5,133.0,124.5,,12.0,62.0
Bill Nelsen,CLE,QB,29.0,12.0,12.0,159.0,313.0,2156.0,16.0,16.0,7.0,-4.0,-0.57,0.0,0.0,0.0,,0.0,6.0,,0.0,,,112.0,111.8,133.8,127.8,,13.0,63.0
Bob Griese*,MIA,QB,25.0,14.0,14.0,142.0,245.0,2019.0,12.0,17.0,26.0,89.0,3.42,2.0,0.0,0.0,,0.0,5.0,,2.0,,,111.0,110.7,133.2,127.7,,15.0,64.0
Dennis Shaw,BUF,QB,23.0,14.0,12.0,178.0,321.0,2507.0,10.0,20.0,39.0,210.0,5.38,0.0,0.0,0.0,,0.0,10.0,,0.0,,,111.0,111.3,142.3,131.3,,14.0,65.0
Bob Berry,ATL,QB,28.0,12.0,12.0,156.0,269.0,1806.0,16.0,13.0,13.0,60.0,4.62,0.0,0.0,0.0,,0.0,6.0,,0.0,,,110.0,110.2,129.2,123.2,,16.0,66.0
Johnny Unitas,BAL,QB,37.0,14.0,13.0,166.0,321.0,2213.0,14.0,18.0,9.0,16.0,1.78,0.0,0.0,0.0,,0.0,2.0,,0.0,,,108.0,108.1,130.1,126.1,,17.0,67.0
Greg Landry,DET,QB,24.0,12.0,6.0,83.0,136.0,1072.0,9.0,5.0,35.0,350.0,10.0,1.0,0.0,0.0,,0.0,3.0,,1.0,,,107.0,106.9,119.4,111.9,,18.0,68.0
Charlie Harraway,WAS,RB,26.0,13.0,13.0,0.0,0.0,0.0,0.0,0.0,146.0,577.0,3.95,5.0,24.0,136.0,5.67,0.0,1.0,,5.0,,,100.0,124.3,130.8,112.3,,21.0,69.0
Walt Garrison,DAL,FB,26.0,11.0,10.0,0.0,0.0,0.0,0.0,0.0,126.0,507.0,4.02,3.0,21.0,205.0,9.76,2.0,2.0,,5.0,,,99.0,120.2,127.2,109.7,,22.0,70.0
Len Dawson,KAN,QB,35.0,14.0,12.0,141.0,262.0,1876.0,13.0,14.0,11.0,46.0,4.18,0.0,0.0,0.0,,0.0,5.0,,0.0,,,99.0,98.6,118.1,112.6,,19.0,71.0
Cyril Pinder,PHI,RB,24.0,14.0,8.0,0.0,0.0,0.0,0.0,0.0,166.0,657.0,3.96,2.0,28.0,249.0,8.89,0.0,5.0,,2.0,,,98.0,125.6,134.1,111.6,,25.0,72.0
Lee Bouggess,PHI,RB,22.0,14.0,12.0,0.0,1.0,0.0,0.0,0.0,159.0,401.0,2.52,2.0,50.0,401.0,8.02,2.0,6.0,,4.0,,,98.0,148.2,157.2,123.2,,23.0,73.0
Clint Jones,MIN,RB,25.0,14.0,7.0,0.0,0.0,0.0,0.0,0.0,120.0,369.0,3.08,9.0,9.0,117.0,13.0,0.0,5.0,,9.0,,,98.0,106.6,115.1,102.1,,24.0,74.0
Tucker Frederickson,NYG,RB,27.0,14.0,12.0,0.0,0.0,0.0,0.0,0.0,120.0,375.0,3.13,1.0,40.0,408.0,10.2,3.0,8.0,,4.0,,,94.0,134.3,144.3,114.3,,26.0,75.0
O.J. Simpson,BUF,RB,23.0,8.0,8.0,0.0,2.0,0.0,0.0,0.0,120.0,488.0,4.07,5.0,10.0,139.0,13.9,0.0,6.0,,6.0,,,93.0,102.7,111.7,97.7,,27.0,76.0
Mike Richardson,HOU,RB,24.0,14.0,7.0,0.0,0.0,0.0,0.0,0.0,103.0,368.0,3.57,2.0,34.0,381.0,11.21,1.0,2.0,,3.0,,,91.0,124.9,131.9,107.9,,28.0,77.0
Calvin Hill,DAL,RB,23.0,12.0,9.0,1.0,4.0,12.0,0.0,0.0,153.0,577.0,3.77,4.0,13.0,95.0,7.31,0.0,4.0,,4.0,,,88.0,100.7,105.7,94.2,,29.0,78.0
Wendell Hayes,KAN,FB,30.0,14.0,14.0,0.0,0.0,0.0,0.0,0.0,109.0,381.0,3.5,5.0,26.0,219.0,8.42,0.0,3.0,,5.0,,,87.0,113.0,120.5,100.0,,30.0,
George Nock,NYJ,RB,24.0,14.0,9.0,0.0,0.0,0.0,0.0,0.0,135.0,402.0,2.98,5.0,18.0,146.0,8.11,1.0,4.0,,6.0,,,87.0,104.8,112.8,95.8,,31.0,
Willie Ellison,RAM,RB,25.0,14.0,4.0,0.0,0.0,0.0,0.0,0.0,90.0,381.0,4.23,5.0,10.0,84.0,8.4,2.0,4.0,,7.0,,,85.0,94.5,99.5,89.5,,32.0,
Gary Cuozzo,MIN,QB,29.0,12.0,12.0,128.0,257.0,1720.0,7.0,10.0,17.0,61.0,3.59,0.0,0.0,0.0,,0.0,3.0,,0.0,,,80.0,79.9,94.4,89.9,,20.0,
Doug Cunningham,SFO,RB,25.0,12.0,12.0,0.0,0.0,0.0,0.0,0.0,128.0,443.0,3.46,3.0,35.0,209.0,5.97,0.0,4.0,,3.0,,,79.0,114.2,122.2,96.7,,33.0,
Bart Starr,GNB,QB,36.0,14.0,13.0,140.0,255.0,1645.0,8.0,13.0,12.0,62.0,5.17,1.0,0.0,0.0,,0.0,6.0,,1.0,,,78.0,78.0,97.0,91.0,,21.0,
Al Woodall,NYJ,QB,25.0,10.0,9.0,96.0,188.0,1265.0,9.0,9.0,28.0,110.0,3.93,0.0,0.0,0.0,,0.0,2.0,,0.0,,,78.0,77.6,93.6,86.6,,22.0,
Bobby Anderson,DEN,RB,23.0,14.0,0.0,4.0,7.0,59.0,0.0,0.0,83.0,368.0,4.43,4.0,9.0,140.0,15.56,0.0,1.0,,4.0,,,76.0,85.2,91.7,80.7,,34.0,
Cannonball Butler,ATL,RB,27.0,14.0,12.0,0.0,0.0,0.0,0.0,0.0,166.0,636.0,3.83,0.0,24.0,151.0,6.29,1.0,10.0,,1.0,,,75.0,98.7,109.7,86.7,,35.0,
Carl Garrett,BOS,RB,23.0,13.0,12.0,0.0,0.0,0.0,0.0,0.0,88.0,272.0,3.09,4.0,26.0,216.0,8.31,0.0,1.0,,4.0,,,72.0,97.8,104.3,84.8,,37.0,
Harmon Wages,ATL,RB,24.0,13.0,11.0,1.0,1.0,13.0,0.0,0.0,119.0,422.0,3.55,1.0,26.0,153.0,5.88,2.0,4.0,,3.0,,,72.0,98.0,106.0,85.0,,36.0,
,,,,,,,,,,,,,,,,,,,,,,,,,,,,,,
Bill Munson,DET,QB,29.0,8.0,8.0,84.0,158.0,1049.0,10.0,7.0,9.0,33.0,3.67,0.0,0.0,0.0,,0.0,1.0,,0.0,,,70.0,70.3,80.8,77.3,,23.0,
Joe Dawkins,HOU,FB,22.0,14.0,7.0,0.0,0.0,0.0,0.0,0.0,124.0,517.0,4.17,2.0,15.0,94.0,6.27,0.0,4.0,,2.0,,,69.0,84.1,89.1,76.6,,39.0,
Essex Johnson,CIN,RB,24.0,13.0,0.0,0.0,0.0,0.0,0.0,0.0,65.0,273.0,4.2,2.0,15.0,190.0,12.67,2.0,1.0,,4.0,,,69.0,84.3,90.8,76.8,,38.0,
Norm Bulaich,BAL,FB,24.0,12.0,12.0,0.0,0.0,0.0,0.0,0.0,139.0,426.0,3.06,3.0,11.0,123.0,11.18,0.0,6.0,,3.0,,,67.0,77.9,86.9,72.4,,40.0,
Charley Johnson,HOU,QB,32.0,10.0,10.0,144.0,281.0,1652.0,7.0,12.0,5.0,3.0,0.6,0.0,0.0,0.0,,0.0,3.0,,0.0,,,67.0,67.4,83.9,79.4,,24.0,
Pete Liske,DEN,QB,28.0,11.0,9.0,112.0,238.0,1340.0,7.0,11.0,7.0,42.0,6.0,1.0,0.0,0.0,,0.0,3.0,,1.0,,,67.0,66.8,82.3,77.8,,25.0,
John Henderson,MIN,WR,27.0,14.0,5.0,0.0,0.0,0.0,0.0,0.0,0.0,0.0,,0.0,31.0,527.0,17.0,2.0,0.0,,2.0,,,65.0,95.7,98.7,80.2,,20.0,
Willis Crenshaw,DEN,FB,29.0,12.0,12.0,0.0,0.0,0.0,0.0,0.0,69.0,200.0,2.9,5.0,18.0,105.0,5.83,1.0,3.0,,6.0,,,64.0,81.5,89.0,72.5,,41.0,
Preston Pearson,PIT,RB,25.0,14.0,14.0,0.0,0.0,0.0,0.0,0.0,173.0,503.0,2.91,2.0,6.0,71.0,11.83,0.0,6.0,,2.0,,,63.0,69.4,75.4,66.4,,42.0,
George Farmer,CHI,WR,22.0,11.0,9.0,0.0,0.0,0.0,0.0,0.0,0.0,0.0,,0.0,31.0,496.0,16.0,2.0,0.0,,2.0,,,62.0,92.6,95.6,77.1,,21.0,
Fair Hooker,CLE,WR,23.0,13.0,13.0,0.0,0.0,0.0,0.0,0.0,0.0,0.0,,0.0,28.0,490.0,17.5,2.0,0.0,,2.0,,,61.0,89.0,92.0,75.0,,22.0,
John Mackey,BAL,TE,29.0,14.0,11.0,0.0,0.0,0.0,0.0,0.0,0.0,0.0,,0.0,28.0,435.0,15.54,3.0,1.0,,3.0,,,61.0,88.5,92.0,74.5,,12.0,
Cid Edwards,STL,RB,27.0,11.0,8.0,0.0,0.0,0.0,0.0,0.0,70.0,350.0,5.0,1.0,19.0,150.0,7.89,1.0,2.0,,2.0,,,60.0,79.0,86.0,69.5,,43.0,
Charlie Joiner,HOU,WR,23.0,9.0,8.0,0.0,0.0,0.0,0.0,0.0,0.0,0.0,,0.0,28.0,416.0,14.86,3.0,0.0,,3.0,,,60.0,87.6,90.6,73.6,,24.0,
Chip Myers,CIN,WR,25.0,14.0,8.0,0.0,0.0,0.0,0.0,0.0,0.0,0.0,,0.0,32.0,542.0,16.94,1.0,0.0,,1.0,,,60.0,92.2,95.2,76.2,,23.0,
Billy Truax,RAM,TE,27.0,14.0,14.0,0.0,0.0,0.0,0.0,0.0,0.0,0.0,,0.0,36.0,420.0,11.67,3.0,0.0,,3.0,,,60.0,96.0,99.0,78.0,,13.0,
Terry Bradshaw,PIT,QB,22.0,13.0,8.0,83.0,218.0,1410.0,6.0,24.0,32.0,233.0,7.28,1.0,0.0,0.0,,0.0,3.0,,1.0,,,59.0,58.7,90.2,82.7,,26.0,
Bob Trumpy*,CIN,TE,25.0,11.0,10.0,0.0,0.0,0.0,0.0,0.0,0.0,0.0,,0.0,29.0,480.0,16.55,2.0,1.0,,2.0,,,59.0,88.0,91.5,73.5,,14.0,
Gary Collins,CLE,WR,30.0,12.0,11.0,0.0,0.0,0.0,0.0,0.0,0.0,0.0,,0.0,26.0,351.0,13.5,4.0,1.0,,4.0,,,58.0,84.1,87.6,71.1,,25.0,
John Hilton,GNB,TE,28.0,14.0,14.0,0.0,0.0,0.0,0.0,0.0,0.0,0.0,,0.0,25.0,350.0,14.0,4.0,1.0,,4.0,,,58.0,83.0,86.5,70.5,,15.0,
Robert Holmes,KAN,FB,25.0,14.0,0.0,0.0,0.0,0.0,0.0,0.0,63.0,206.0,3.27,3.0,23.0,173.0,7.52,1.0,4.0,,4.0,,,58.0,80.9,88.9,69.4,,45.0,
Earl Morrall,BAL,QB,36.0,14.0,1.0,51.0,93.0,792.0,9.0,4.0,2.0,6.0,3.0,0.0,0.0,0.0,,0.0,2.0,,0.0,,,58.0,58.3,66.3,62.3,,27.0,
Jeff Queen,SDG,FB,24.0,14.0,6.0,0.0,0.0,0.0,0.0,0.0,77.0,261.0,3.39,1.0,20.0,236.0,11.8,1.0,4.0,,2.0,,,58.0,77.7,85.7,67.7,,46.0,
Larry Smith,RAM,RB,23.0,11.0,9.0,0.0,2.0,0.0,0.0,0.0,77.0,338.0,4.39,1.0,24.0,164.0,6.83,1.0,4.0,,2.0,,,58.0,82.2,90.2,70.2,,44.0,
Rich Caster,NYJ,TE,22.0,14.0,6.0,0.0,0.0,0.0,0.0,0.0,0.0,0.0,,0.0,19.0,393.0,20.68,3.0,0.0,,3.0,,,57.0,76.3,79.3,66.8,,16.0,
Al Dodd,NOR,WR,25.0,14.0,14.0,0.0,1.0,0.0,0.0,0.0,5.0,31.0,6.2,0.0,28.0,484.0,17.29,1.0,1.0,,1.0,,,57.0,84.5,88.0,70.5,,27.0,
Dave Parks,NOR,TE,29.0,13.0,11.0,0.0,0.0,0.0,0.0,0.0,0.0,0.0,,0.0,26.0,447.0,17.19,2.0,0.0,,2.0,,,57.0,82.7,85.7,69.7,,17.0,
Dave Smith,PIT,WR,23.0,14.0,7.0,0.0,0.0,0.0,0.0,0.0,1.0,6.0,6.0,0.0,30.0,458.0,15.27,2.0,1.0,,2.0,,,57.0,87.4,90.9,72.4,,26.0,
Bill Brown,MIN,FB,32.0,14.0,7.0,0.0,0.0,0.0,0.0,0.0,101.0,324.0,3.21,0.0,15.0,149.0,9.93,2.0,3.0,,2.0,,,56.0,71.3,78.8,63.8,,47.0,
Mercury Morris,MIA,RB,23.0,12.0,1.0,0.0,0.0,0.0,0.0,0.0,60.0,409.0,6.82,0.0,12.0,149.0,12.42,0.0,6.0,,1.0,,,56.0,67.8,76.8,61.8,,48.0,
,,,,,,,,,,,,,,,,,,,,,,,,,,,,,,
Bake Turner,BOS,WR,30.0,14.0,13.0,0.0,0.0,0.0,0.0,0.0,0.0,0.0,,0.0,28.0,428.0,15.29,2.0,0.0,,2.0,,,55.0,82.8,85.8,68.8,,28.0,
Edd Hargett,NOR,QB,23.0,10.0,4.0,78.0,175.0,1133.0,5.0,5.0,4.0,7.0,1.75,0.0,0.0,0.0,,0.0,2.0,,0.0,,,54.0,54.0,63.0,59.0,,28.0,
Roy Hopkins,HOU,RB,25.0,12.0,3.0,0.0,0.0,0.0,0.0,0.0,57.0,207.0,3.63,3.0,14.0,142.0,10.14,0.0,0.0,,3.0,,,53.0,66.9,72.9,59.9,,49.0,
Paul Gipson,ATL,RB,24.0,13.0,2.0,0.0,0.0,0.0,0.0,0.0,52.0,177.0,3.4,0.0,16.0,186.0,11.63,3.0,2.0,,3.0,,,52.0,68.3,75.3,60.3,,50.0,
Billy Kilmer,NOR,QB,31.0,13.0,10.0,135.0,237.0,1557.0,6.0,17.0,12.0,42.0,3.5,0.0,0.0,0.0,,0.0,4.0,,0.0,,,52.0,52.5,74.5,69.5,,29.0,
Jerry Rhome,HOU,QB,28.0,13.0,4.0,88.0,168.0,1031.0,5.0,8.0,9.0,54.0,6.0,1.0,0.0,0.0,,0.0,5.0,,1.0,,,52.0,51.6,65.1,59.6,,30.0,
Travis Williams,GNB,RB,24.0,7.0,5.0,0.0,0.0,0.0,0.0,0.0,74.0,276.0,3.73,1.0,12.0,127.0,10.58,1.0,0.0,,2.0,,,52.0,64.3,70.3,58.3,,51.0,
Chip Glass,CLE,TE,23.0,14.0,3.0,0.0,0.0,0.0,0.0,0.0,0.0,0.0,,0.0,19.0,403.0,21.21,2.0,2.0,,2.0,,,50.0,69.3,73.3,59.8,,18.0,
Tom Mitchell,BAL,TE,26.0,14.0,3.0,0.0,0.0,0.0,0.0,0.0,0.0,0.0,,0.0,20.0,261.0,13.05,4.0,0.0,,4.0,,,50.0,70.1,73.1,60.1,,19.0,
Dennis Hughes,PIT,TE,22.0,11.0,8.0,0.0,0.0,0.0,0.0,0.0,1.0,-8.0,-8.0,0.0,24.0,332.0,13.83,3.0,1.0,,3.0,,,49.0,73.4,76.9,61.4,,20.0,
Billy Van Heusen,DEN,WR,24.0,14.0,5.0,0.0,1.0,0.0,0.0,0.0,0.0,0.0,,0.0,16.0,382.0,23.88,2.0,1.0,,2.0,,,49.0,65.2,68.7,57.2,,29.0,
Bob Windsor,SFO,TE,28.0,14.0,14.0,0.0,0.0,0.0,0.0,0.0,0.0,0.0,,0.0,31.0,363.0,11.71,2.0,0.0,,2.0,,,48.0,79.3,82.3,63.8,,21.0,
Bill Enyart,BUF,RB,23.0,14.0,5.0,0.0,0.0,0.0,0.0,0.0,58.0,196.0,3.38,0.0,35.0,235.0,6.71,1.0,2.0,,1.0,,,47.0,82.1,89.1,64.6,,52.0,
Jimmy Thomas,SFO,WR,23.0,14.0,1.0,0.0,0.0,0.0,0.0,0.0,31.0,89.0,2.87,0.0,12.0,221.0,18.42,3.0,2.0,,3.0,,,47.0,59.0,63.0,53.0,,30.0,
Walter Roberts,WAS,WR,28.0,14.0,12.0,0.0,0.0,0.0,0.0,0.0,2.0,15.0,7.5,0.0,27.0,411.0,15.22,1.0,3.0,,1.0,,,46.0,72.6,77.1,59.1,,31.0,
Tom Barrington,NOR,RB,26.0,12.0,7.0,0.0,0.0,0.0,0.0,0.0,72.0,228.0,3.17,2.0,22.0,130.0,5.91,0.0,3.0,,2.0,,,45.0,66.8,74.3,55.8,,53.0,
Joe Namath,NYJ,QB,27.0,5.0,5.0,90.0,179.0,1259.0,5.0,12.0,1.0,-1.0,-1.0,0.0,0.0,0.0,,0.0,1.0,,0.0,,,45.0,45.3,60.8,57.3,,31.0,
Sam Wyche,CIN,QB,25.0,14.0,3.0,26.0,57.0,411.0,3.0,2.0,19.0,118.0,6.21,2.0,0.0,0.0,,0.0,3.0,,2.0,,,45.0,45.2,54.7,47.2,,32.0,
Tony Baker,NOR,FB,25.0,8.0,7.0,0.0,0.0,0.0,0.0,0.0,82.0,337.0,4.11,1.0,12.0,47.0,3.92,0.0,1.0,,1.0,,,43.0,55.4,58.9,49.4,,54.0,
Pete Lammons,NYJ,TE,27.0,14.0,14.0,0.0,0.0,0.0,0.0,0.0,0.0,0.0,,0.0,25.0,316.0,12.64,2.0,1.0,,2.0,,,43.0,67.6,71.1,55.1,,22.0,
Todd Snyder,ATL,WR,22.0,12.0,9.0,0.0,0.0,0.0,0.0,0.0,0.0,0.0,,0.0,23.0,311.0,13.52,2.0,0.0,,2.0,,,43.0,66.1,69.1,54.6,,32.0,
Mike Garrett,2TM,RB,26.0,12.0,5.0,0.0,0.0,0.0,0.0,0.0,67.0,208.0,3.1,1.0,14.0,131.0,9.36,1.0,4.0,,2.0,,,42.0,55.9,63.9,48.9,,56.0,
Wayne Patrick,BUF,RB,24.0,9.0,9.0,0.0,0.0,0.0,0.0,0.0,66.0,259.0,3.92,1.0,16.0,142.0,8.88,0.0,4.0,,1.0,,,42.0,58.1,66.1,50.1,,55.0,
Don Herrmann,NYG,WR,23.0,13.0,9.0,0.0,0.0,0.0,0.0,0.0,0.0,0.0,,0.0,24.0,290.0,12.08,2.0,0.0,,2.0,,,41.0,65.0,68.0,53.0,,33.0,
Don Shy,CHI,RB,25.0,8.0,3.0,0.0,0.0,0.0,0.0,0.0,79.0,227.0,2.87,1.0,10.0,149.0,14.9,0.0,3.0,,1.0,,,41.0,50.6,58.1,45.6,,57.0,
Dick Witcher,SFO,WR,26.0,11.0,10.0,0.0,0.0,0.0,0.0,0.0,0.0,0.0,,0.0,22.0,288.0,13.09,2.0,0.0,,2.0,,,41.0,62.8,65.8,51.8,,34.0,
Bob Lee,MIN,QB,24.0,6.0,2.0,40.0,79.0,610.0,5.0,5.0,10.0,20.0,2.0,1.0,0.0,0.0,,0.0,2.0,,1.0,,,40.0,40.4,49.4,45.4,,33.0,
Pat Studstill,RAM,WR,32.0,14.0,0.0,0.0,1.0,0.0,0.0,0.0,1.0,23.0,23.0,0.0,18.0,252.0,14.0,2.0,0.0,,2.0,,,40.0,57.5,60.5,48.5,,35.0,
Dickie Post,SDG,RB,25.0,9.0,6.0,0.0,0.0,0.0,0.0,0.0,74.0,225.0,3.04,1.0,13.0,113.0,8.69,0.0,1.0,,1.0,,,39.0,51.8,58.3,45.3,,58.0,
Jim Seymour,CHI,WR,24.0,7.0,0.0,0.0,0.0,0.0,0.0,0.0,0.0,0.0,,0.0,6.0,145.0,24.17,4.0,0.0,,4.0,,,39.0,44.5,47.5,41.5,,36.0,
,,,,,,,,,,,,,,,,,,,,,,,,,,,,,,
Frank Pitts,KAN,WR,27.0,12.0,10.0,0.0,0.0,0.0,0.0,0.0,5.0,84.0,16.8,0.0,11.0,172.0,15.64,2.0,0.0,,2.0,,,38.0,48.6,51.6,43.1,,37.0,
Russ Smith,SDG,RB,26.0,12.0,5.0,0.0,0.0,0.0,0.0,0.0,52.0,163.0,3.13,3.0,5.0,44.0,8.8,0.0,1.0,,3.0,,,38.0,42.7,46.2,40.2,,60.0,
Tom Woodeshick,PHI,FB,29.0,6.0,6.0,0.0,0.0,0.0,0.0,0.0,52.0,254.0,4.88,2.0,6.0,28.0,4.67,0.0,2.0,,2.0,,,38.0,44.2,48.2,41.2,,59.0,
Jack Maitland,BAL,RB,22.0,14.0,2.0,0.0,0.0,0.0,0.0,0.0,74.0,209.0,2.82,1.0,9.0,67.0,7.44,1.0,3.0,,2.0,,,37.0,45.6,50.1,41.1,,63.0,
Tom Nowatzke,BAL,FB,28.0,11.0,4.0,0.0,0.0,0.0,0.0,0.0,73.0,248.0,3.4,1.0,16.0,93.0,5.81,0.0,3.0,,1.0,,,37.0,53.1,57.6,45.1,,61.0,
Speedy Thomas,CIN,WR,23.0,14.0,13.0,0.0,0.0,0.0,0.0,0.0,2.0,7.0,3.5,0.0,21.0,257.0,12.24,2.0,1.0,,2.0,,,37.0,58.4,61.9,47.9,,38.0,
Lee White,NYJ,FB,24.0,14.0,6.0,0.0,0.0,0.0,0.0,0.0,70.0,215.0,3.07,0.0,12.0,125.0,10.42,1.0,3.0,,1.0,,,37.0,49.0,56.5,43.0,,62.0,
John Beasley,MIN,TE,25.0,14.0,14.0,0.0,0.0,0.0,0.0,0.0,0.0,0.0,,0.0,17.0,237.0,13.94,2.0,0.0,,2.0,,,36.0,52.7,55.7,44.2,,23.0,
Jack Clancy,GNB,WR,26.0,14.0,10.0,0.0,0.0,0.0,0.0,0.0,0.0,0.0,,0.0,16.0,244.0,15.25,2.0,0.0,,2.0,,,36.0,52.4,55.4,44.4,,39.0,
Eric Crabtree,CIN,WR,26.0,14.0,7.0,0.0,0.0,0.0,0.0,0.0,3.0,23.0,7.67,0.0,19.0,231.0,12.16,2.0,1.0,,2.0,,,36.0,55.4,58.9,45.9,,40.0,
Terry Hanratty,PIT,QB,22.0,13.0,6.0,64.0,163.0,842.0,5.0,8.0,4.0,-5.0,-1.25,0.0,0.0,0.0,,0.0,1.0,,0.0,,,36.0,36.2,47.7,44.2,,34.0,
Jon Henderson,WAS,WR,26.0,14.0,4.0,0.0,0.0,0.0,0.0,0.0,0.0,0.0,,0.0,13.0,176.0,13.54,3.0,0.0,,3.0,,,36.0,48.6,51.6,42.1,,41.0,
Jim Grabowski,GNB,FB,26.0,12.0,7.0,0.0,0.0,0.0,0.0,0.0,67.0,210.0,3.13,1.0,19.0,83.0,4.37,0.0,0.0,,1.0,,,35.0,54.3,57.3,44.8,,64.0,
Matt Snell,NYJ,FB,29.0,3.0,3.0,0.0,0.0,0.0,0.0,0.0,64.0,281.0,4.39,1.0,2.0,26.0,13.0,0.0,2.0,,1.0,,,35.0,36.7,40.7,35.7,,65.0,
Eddie Bell,NYJ,WR,24.0,14.0,2.0,0.0,1.0,0.0,0.0,1.0,2.0,-7.0,-3.5,0.0,21.0,246.0,11.71,2.0,0.0,,2.0,,,34.0,54.9,58.9,45.4,,42.0,
Hoyle Granger,HOU,FB,26.0,5.0,5.0,0.0,0.0,0.0,0.0,0.0,51.0,169.0,3.31,1.0,11.0,118.0,10.73,0.0,2.0,,1.0,,,33.0,43.7,50.7,38.2,,68.0,
Sam Havrilak,BAL,RB,23.0,13.0,1.0,2.0,2.0,82.0,0.0,0.0,54.0,159.0,2.94,0.0,14.0,141.0,10.07,0.0,0.0,,0.0,,,33.0,47.3,53.3,40.3,,66.0,
Reece Morrison,CLE,RB,25.0,14.0,2.0,0.0,0.0,0.0,0.0,0.0,73.0,175.0,2.4,0.0,5.0,95.0,19.0,1.0,0.0,,1.0,,,33.0,38.0,41.0,35.5,,67.0,
Sonny Campbell,ATL,RB,22.0,11.0,0.0,0.0,0.0,0.0,0.0,0.0,28.0,116.0,4.14,2.0,7.0,92.0,13.14,0.0,1.0,,2.0,,,32.0,38.8,42.3,35.3,,70.0,
Greg Jones,BUF,RB,22.0,10.0,2.0,0.0,0.0,0.0,0.0,0.0,31.0,113.0,3.65,1.0,8.0,89.0,11.13,0.0,0.0,,2.0,,,32.0,40.2,43.2,36.2,,69.0,
Roger Staubach,DAL,QB,28.0,8.0,3.0,44.0,82.0,542.0,2.0,8.0,27.0,221.0,8.19,0.0,0.0,0.0,,0.0,4.0,,0.0,,,32.0,31.8,47.8,39.8,,35.0,
Bill Tucker,SFO,RB,27.0,14.0,2.0,0.0,0.0,0.0,0.0,0.0,42.0,137.0,3.26,1.0,17.0,108.0,6.35,1.0,6.0,,2.0,,,31.0,47.5,56.5,39.0,,71.0,
Jerry Hill,BAL,FB,31.0,12.0,6.0,0.0,0.0,0.0,0.0,0.0,36.0,115.0,3.19,2.0,8.0,62.0,7.75,0.0,0.0,,2.0,,,30.0,37.7,40.7,33.7,,74.0,
Tommy Mason,RAM,RB,31.0,6.0,2.0,0.0,0.0,0.0,0.0,0.0,44.0,123.0,2.8,0.0,12.0,127.0,10.58,1.0,1.0,,1.0,,,30.0,42.0,48.5,36.0,,73.0,
Ross Montgomery,CHI,RB,24.0,14.0,8.0,0.0,0.0,0.0,0.0,0.0,62.0,229.0,3.69,0.0,14.0,75.0,5.36,0.0,0.0,,0.0,,,30.0,44.4,47.4,37.4,,72.0,
Jim Otis,NOR,FB,22.0,13.0,6.0,0.0,0.0,0.0,0.0,0.0,71.0,211.0,2.97,0.0,20.0,124.0,6.2,0.0,4.0,,0.0,,,30.0,49.5,57.5,39.5,,75.0,
Lloyd Pate,BUF,RB,24.0,9.0,4.0,0.0,0.0,0.0,0.0,0.0,46.0,162.0,3.52,1.0,19.0,103.0,5.42,0.0,3.0,,1.0,,,30.0,48.5,56.0,39.0,,76.0,
Gloster Richardson,KAN,WR,28.0,12.0,7.0,0.0,0.0,0.0,0.0,0.0,1.0,4.0,4.0,0.0,5.0,171.0,34.2,2.0,0.0,,2.0,,,30.0,34.5,37.5,32.0,,43.0,
Ken Burrough,NOR,WR,22.0,12.0,0.0,0.0,0.0,0.0,0.0,0.0,1.0,4.0,4.0,0.0,13.0,196.0,15.08,2.0,3.0,,2.0,,,29.0,42.0,46.5,35.5,,44.0,
Marv Hubbard,OAK,RB,24.0,13.0,0.0,0.0,0.0,0.0,0.0,0.0,51.0,246.0,4.82,1.0,0.0,0.0,,0.0,2.0,,1.0,,,29.0,28.6,32.6,28.6,,78.0,
,,,,,,,,,,,,,,,,,,,,,,,,,,,,,,
Dan Reeves,DAL,RB,26.0,14.0,1.0,1.0,3.0,14.0,0.0,1.0,35.0,84.0,2.4,2.0,12.0,140.0,11.67,0.0,4.0,,2.0,,,29.0,41.0,47.0,36.0,,77.0,
Bob Grim,MIN,WR,25.0,14.0,9.0,0.0,0.0,0.0,0.0,0.0,0.0,0.0,,0.0,23.0,287.0,12.48,0.0,1.0,,0.0,,,28.0,50.7,54.2,39.2,,45.0,
Brad Hubbert,SDG,FB,29.0,8.0,6.0,0.0,0.0,0.0,0.0,0.0,49.0,175.0,3.57,1.0,7.0,44.0,6.29,0.0,0.0,,1.0,,,28.0,34.9,37.9,31.4,,79.0,
Joe Kapp,BOS,QB,32.0,11.0,10.0,98.0,219.0,1104.0,3.0,17.0,20.0,71.0,3.55,0.0,0.0,0.0,,0.0,1.0,,0.0,,,28.0,28.3,48.8,45.3,,36.0,
Rod Sherman,OAK,WR,26.0,14.0,1.0,0.0,0.0,0.0,0.0,0.0,1.0,2.0,2.0,0.0,18.0,285.0,15.83,0.0,1.0,,0.0,,,28.0,45.7,49.2,36.7,,46.0,
Ted Kwalick,SFO,TE,23.0,14.0,0.0,0.0,0.0,0.0,0.0,0.0,3.0,65.0,21.67,0.0,10.0,148.0,14.8,1.0,0.0,,1.0,,,27.0,37.3,40.3,32.3,,24.0,
Warren McVea,KAN,RB,24.0,14.0,2.0,0.0,1.0,0.0,0.0,0.0,61.0,260.0,4.26,0.0,5.0,26.0,5.2,0.0,2.0,,0.0,,,27.0,31.6,35.6,29.1,,80.0,
Warren Bankston,PIT,RB,23.0,4.0,0.0,0.0,0.0,0.0,0.0,0.0,26.0,122.0,4.69,2.0,7.0,30.0,4.29,0.0,1.0,,2.0,,,26.0,33.2,36.7,29.7,,81.0,
Willie Grate,BUF,TE,25.0,14.0,0.0,0.0,0.0,0.0,0.0,0.0,0.0,0.0,,0.0,7.0,147.0,21.0,2.0,1.0,,2.0,,,26.0,32.7,36.2,29.2,,25.0,
John Isenbarger,SFO,RB,23.0,13.0,0.0,0.0,1.0,0.0,0.0,0.0,18.0,43.0,2.39,0.0,8.0,158.0,19.75,1.0,0.0,,1.0,,,26.0,34.1,37.1,30.1,,83.0,
Ray Perkins,BAL,WR,29.0,11.0,0.0,0.0,0.0,0.0,0.0,0.0,2.0,6.0,3.0,0.0,10.0,194.0,19.4,1.0,0.0,,1.0,,,26.0,36.0,39.0,31.0,,48.0,
Reggie Rucker,DAL,WR,23.0,7.0,2.0,0.0,0.0,0.0,0.0,0.0,0.0,0.0,,0.0,9.0,200.0,22.22,1.0,0.0,,1.0,,,26.0,35.0,38.0,30.5,,47.0,
Roy Shivers,STL,RB,29.0,12.0,0.0,0.0,0.0,0.0,0.0,0.0,24.0,98.0,4.08,2.0,3.0,44.0,14.67,0.0,0.0,,2.0,,,26.0,29.2,29.2,27.7,,82.0,
Billy Cannon,KAN,TE,33.0,6.0,4.0,0.0,0.0,0.0,0.0,0.0,1.0,6.0,6.0,0.0,7.0,125.0,17.86,2.0,0.0,,2.0,,,25.0,32.1,35.1,28.6,,26.0,
Mike Haffner,DEN,WR,28.0,11.0,7.0,0.0,0.0,0.0,0.0,0.0,1.0,1.0,1.0,0.0,12.0,196.0,16.33,1.0,1.0,,1.0,,,25.0,36.7,40.2,30.7,,50.0,
Homer Jones,CLE,WR,29.0,14.0,4.0,0.0,0.0,0.0,0.0,0.0,0.0,0.0,,0.0,10.0,141.0,14.1,1.0,1.0,,2.0,,,25.0,35.1,38.6,30.1,,49.0,
Mike Taliaferro,BOS,QB,29.0,11.0,4.0,78.0,173.0,871.0,4.0,11.0,3.0,11.0,3.67,0.0,0.0,0.0,,0.0,5.0,,0.0,,,25.0,24.9,41.4,35.9,,37.0,
Bill Triplett,DET,RB,30.0,14.0,1.0,0.0,0.0,0.0,0.0,0.0,48.0,156.0,3.25,1.0,6.0,52.0,8.67,0.0,2.0,,1.0,,,25.0,30.8,34.8,27.8,,85.0,
Clem Turner,DEN,RB,25.0,11.0,0.0,0.0,0.0,0.0,0.0,0.0,29.0,106.0,3.66,2.0,8.0,23.0,2.88,0.0,0.0,,2.0,,,25.0,32.9,35.9,28.9,,84.0,
Steve Owens,DET,FB,23.0,6.0,1.0,0.0,0.0,0.0,0.0,0.0,36.0,122.0,3.39,2.0,4.0,21.0,5.25,0.0,2.0,,2.0,,,24.0,28.3,32.3,26.3,,86.0,
Mike Phipps,CLE,QB,23.0,14.0,1.0,29.0,60.0,529.0,1.0,5.0,11.0,94.0,8.55,0.0,0.0,0.0,,0.0,1.0,,0.0,,,24.0,23.6,32.1,28.6,,38.0,
Ray Poage,NOR,TE,30.0,12.0,3.0,0.0,0.0,0.0,0.0,0.0,1.0,13.0,13.0,0.0,15.0,166.0,11.07,1.0,0.0,,1.0,,,24.0,38.9,41.9,31.4,,27.0,
Art Malone,ATL,RB,22.0,14.0,3.0,0.0,0.0,0.0,0.0,0.0,40.0,136.0,3.4,0.0,9.0,38.0,4.22,1.0,0.0,,1.0,,,23.0,32.4,35.4,27.9,,87.0,
Oscar Reed,MIN,RB,26.0,12.0,4.0,0.0,0.0,0.0,0.0,0.0,42.0,132.0,3.14,1.0,6.0,53.0,8.83,0.0,2.0,,1.0,,,23.0,28.5,32.5,25.5,,88.0,
Wendell Tucker,RAM,WR,27.0,12.0,12.0,0.0,0.0,0.0,0.0,0.0,0.0,0.0,,0.0,12.0,230.0,19.17,0.0,0.0,,0.0,,,23.0,35.0,38.0,29.0,,51.0,
Marty Domres,SDG,QB,23.0,8.0,2.0,28.0,55.0,491.0,2.0,4.0,14.0,39.0,2.79,0.0,0.0,0.0,,0.0,2.0,,0.0,,,22.0,21.5,29.5,25.5,,39.0,
Marv Fleming,MIA,TE,28.0,14.0,14.0,0.0,0.0,0.0,0.0,0.0,0.0,0.0,,0.0,18.0,205.0,11.39,0.0,0.0,,0.0,,,21.0,38.5,41.5,29.5,,28.0,
Rick Arrington,PHI,QB,23.0,6.0,1.0,37.0,73.0,328.0,1.0,3.0,4.0,33.0,8.25,1.0,0.0,0.0,,0.0,0.0,,1.0,,,20.0,20.4,26.4,23.4,,40.0,
Austin Denney,BUF,TE,26.0,14.0,14.0,0.0,0.0,0.0,0.0,0.0,0.0,0.0,,0.0,14.0,201.0,14.36,0.0,0.0,,0.0,,,20.0,34.1,37.1,27.1,,30.0,
Bobby Douglass,CHI,QB,23.0,3.0,1.0,12.0,30.0,218.0,4.0,3.0,7.0,22.0,3.14,0.0,0.0,0.0,,0.0,1.0,,0.0,,,20.0,19.9,23.4,22.9,,41.0,
,,,,,,,,,,,,,,,,,,,,,,,,,,,,,,
Bobby Duhon,NYG,RB,24.0,14.0,0.0,2.0,2.0,28.0,0.0,0.0,18.0,111.0,6.17,0.0,4.0,58.0,14.5,0.0,4.0,,1.0,,,20.0,24.0,29.0,22.0,,89.0,
Fran Lynch,DEN,RB,25.0,14.0,2.0,0.0,0.0,0.0,0.0,0.0,20.0,81.0,4.05,1.0,7.0,69.0,9.86,0.0,1.0,,1.0,,,20.0,27.0,27.5,23.5,,90.0,
Billy Masters,DEN,TE,26.0,14.0,2.0,0.0,0.0,0.0,0.0,0.0,0.0,0.0,,0.0,9.0,83.0,9.22,2.0,0.0,,2.0,,,20.0,29.3,29.3,24.8,,29.0,
Pete Banaszak,OAK,RB,26.0,10.0,0.0,0.0,0.0,0.0,0.0,0.0,21.0,75.0,3.57,2.0,1.0,2.0,2.0,0.0,1.0,,2.0,,,19.0,19.7,20.2,19.2,,92.0,
Odell Lawson,BOS,RB,22.0,14.0,2.0,0.0,0.0,0.0,0.0,0.0,56.0,99.0,1.77,0.0,11.0,113.0,10.27,0.0,2.0,,0.0,,,19.0,30.2,34.2,24.7,,91.0,
John Stofa,MIA,QB,28.0,8.0,0.0,16.0,53.0,240.0,3.0,2.0,2.0,5.0,2.5,0.0,0.0,0.0,,0.0,0.0,,0.0,,,18.0,18.1,20.1,20.1,,42.0,
Steve Tensi,DEN,QB,28.0,7.0,2.0,38.0,80.0,539.0,3.0,8.0,4.0,14.0,3.5,0.0,0.0,0.0,,0.0,1.0,,0.0,,,18.0,18.0,29.5,26.0,,43.0,
Steve Zabel,PHI,TE,22.0,14.0,7.0,0.0,0.0,0.0,0.0,0.0,0.0,0.0,,0.0,8.0,119.0,14.88,1.0,0.0,,1.0,,,18.0,25.9,28.9,21.9,,31.0,
Fred Arbanas,KAN,TE,31.0,6.0,6.0,0.0,0.0,0.0,0.0,0.0,0.0,0.0,,0.0,8.0,108.0,13.5,1.0,0.0,,1.0,,,17.0,24.8,27.8,20.8,,32.0,
Gene Foster,SDG,FB,28.0,7.0,2.0,1.0,3.0,9.0,0.0,0.0,32.0,84.0,2.63,0.0,10.0,92.0,9.2,0.0,1.0,,0.0,,,17.0,27.0,27.5,22.0,,93.0,
Dave Hampton,GNB,RB,23.0,6.0,2.0,0.0,0.0,0.0,0.0,0.0,48.0,115.0,2.4,0.0,7.0,23.0,3.29,0.0,3.0,,1.0,,,17.0,23.8,28.3,20.3,,94.0,
Stan Mitchell,MIA,RB,26.0,14.0,0.0,0.0,0.0,0.0,0.0,0.0,8.0,23.0,2.88,0.0,6.0,85.0,14.17,1.0,0.0,,1.0,,,17.0,22.8,22.8,19.8,,95.0,
Alan Pastrana,DEN,QB,26.0,5.0,3.0,29.0,75.0,420.0,1.0,9.0,14.0,89.0,6.36,1.0,0.0,0.0,,0.0,1.0,,1.0,,,17.0,16.7,29.2,25.7,,44.0,
Gail Cogdill,ATL,WR,33.0,6.0,5.0,0.0,0.0,0.0,0.0,0.0,0.0,0.0,,0.0,7.0,101.0,14.43,1.0,0.0,,1.0,,,16.0,23.1,26.1,19.6,,53.0,
Bruce Coslet,CIN,TE,24.0,14.0,4.0,0.0,0.0,0.0,0.0,0.0,0.0,0.0,,0.0,8.0,98.0,12.25,1.0,0.0,,1.0,,,16.0,23.8,23.8,19.8,,34.0,
Chuck Hughes,DET,WR,27.0,13.0,9.0,0.0,0.0,0.0,0.0,0.0,0.0,0.0,,0.0,8.0,162.0,20.25,0.0,0.0,,0.0,,,16.0,24.2,27.2,20.2,,52.0,
Don McCall,NOR,RB,26.0,2.0,1.0,0.0,0.0,0.0,0.0,0.0,23.0,63.0,2.74,1.0,5.0,43.0,8.6,0.0,1.0,,1.0,,,16.0,20.6,21.1,18.1,,96.0,
Rich McGeorge,GNB,TE,22.0,14.0,0.0,0.0,0.0,0.0,0.0,0.0,1.0,3.0,3.0,0.0,2.0,32.0,16.0,2.0,0.0,,2.0,,,16.0,17.5,17.5,16.5,,35.0,
Jon Staggers,PIT,WR,22.0,12.0,0.0,0.0,0.0,0.0,0.0,0.0,0.0,0.0,,0.0,6.0,118.0,19.67,1.0,2.0,,1.0,,,16.0,21.8,25.8,18.8,,54.0,
Bob Wallace,CHI,TE,25.0,5.0,5.0,0.0,0.0,0.0,0.0,0.0,0.0,0.0,,0.0,15.0,160.0,10.67,0.0,0.0,,0.0,,,16.0,31.0,34.0,23.5,,33.0,
Barry Brown,BOS,TE,27.0,14.0,10.0,0.0,0.0,0.0,0.0,0.0,0.0,0.0,,0.0,15.0,145.0,9.67,0.0,0.0,,0.0,,,15.0,29.5,32.5,22.0,,38.0,
Hubie Bryant,PIT,WR,24.0,14.0,7.0,0.0,0.0,0.0,0.0,0.0,3.0,25.0,8.33,0.0,8.0,154.0,19.25,0.0,3.0,,0.0,,,15.0,22.9,27.4,18.9,,55.0,
James Harris,BUF,QB,23.0,7.0,0.0,24.0,50.0,338.0,3.0,4.0,3.0,-8.0,-2.67,0.0,0.0,0.0,,0.0,2.0,,0.0,,,15.0,14.7,22.7,18.7,,45.0,
Joe Morrison,NYG,RB,33.0,10.0,3.0,0.0,0.0,0.0,0.0,0.0,11.0,25.0,2.27,0.0,11.0,136.0,12.36,0.0,1.0,,0.0,,,15.0,26.1,29.6,20.6,,98.0,
Morris Stroud,KAN,TE,24.0,13.0,4.0,0.0,0.0,0.0,0.0,0.0,0.0,0.0,,0.0,4.0,86.0,21.5,1.0,0.0,,1.0,,,15.0,18.6,18.6,16.6,,37.0,
Aaron Thomas,NYG,TE,33.0,14.0,1.0,0.0,0.0,0.0,0.0,0.0,0.0,0.0,,0.0,6.0,92.0,15.33,1.0,0.0,,1.0,,,15.0,21.2,21.2,18.2,,36.0,
Larry Watkins,PHI,FB,24.0,11.0,0.0,0.0,0.0,0.0,0.0,0.0,32.0,96.0,3.0,1.0,3.0,6.0,2.0,0.0,1.0,,1.0,,,15.0,18.2,18.7,16.7,,97.0,
Tom Beer,BOS,TE,26.0,14.0,4.0,0.0,0.0,0.0,0.0,0.0,0.0,0.0,,0.0,11.0,150.0,13.64,0.0,1.0,,0.0,,,14.0,25.0,28.5,19.5,,39.0,
Mike Hull,CHI,FB,25.0,13.0,5.0,0.0,0.0,0.0,0.0,0.0,32.0,99.0,3.09,0.0,13.0,44.0,3.38,0.0,1.0,,0.0,,,13.0,26.3,26.8,19.8,,99.0,
Willie Richardson,MIA,WR,31.0,10.0,4.0,0.0,0.0,0.0,0.0,0.0,0.0,0.0,,0.0,7.0,67.0,9.57,1.0,0.0,,1.0,,,13.0,19.7,19.7,16.2,,56.0,
,,,,,,,,,,,,,,,,,,,,,,,,,,,,,,
Preston Riley,SFO,WR,23.0,14.0,4.0,0.0,0.0,0.0,0.0,0.0,0.0,0.0,,0.0,7.0,136.0,19.43,0.0,1.0,,0.0,,,13.0,19.6,23.1,16.1,,57.0,
Dick Davis,2TM,RB,24.0,6.0,2.0,0.0,0.0,0.0,0.0,0.0,27.0,94.0,3.48,0.0,4.0,29.0,7.25,0.0,0.0,,0.0,,,12.0,16.3,16.3,14.3,,100.0,
Henry Dyer,WAS,RB,25.0,12.0,2.0,0.0,0.0,0.0,0.0,0.0,21.0,102.0,4.86,0.0,4.0,37.0,9.25,0.0,2.0,,0.0,,,12.0,15.9,19.9,13.9,,102.0,
Randy Johnson,ATL,QB,26.0,4.0,2.0,40.0,72.0,443.0,2.0,8.0,7.0,21.0,3.0,0.0,0.0,0.0,,0.0,0.0,,0.0,,,12.0,11.8,22.8,19.8,,46.0,
Chuck Mercein,NYJ,RB,27.0,9.0,0.0,0.0,0.0,0.0,0.0,0.0,20.0,44.0,2.2,0.0,3.0,27.0,9.0,1.0,1.0,,1.0,,,12.0,15.1,15.6,13.6,,101.0,
Craig Baynham,CHI,FB,26.0,5.0,5.0,0.0,0.0,0.0,0.0,0.0,26.0,68.0,2.62,0.0,12.0,43.0,3.58,0.0,0.0,,0.0,,,11.0,23.1,23.1,17.1,,103.0,
Nick Eddy,DET,RB,26.0,11.0,0.0,0.0,0.0,0.0,0.0,0.0,18.0,47.0,2.61,1.0,4.0,22.0,5.5,0.0,2.0,,1.0,,,11.0,14.9,15.9,12.9,,104.0,
Dave Smith,SDG,RB,23.0,7.0,1.0,0.0,0.0,0.0,0.0,0.0,14.0,42.0,3.0,0.0,4.0,65.0,16.25,0.0,0.0,,0.0,,,11.0,14.7,14.7,12.7,,105.0,
Pete Beathard,STL,QB,28.0,4.0,0.0,7.0,17.0,114.0,2.0,1.0,2.0,2.0,1.0,0.0,0.0,0.0,,0.0,1.0,,0.0,,,10.0,9.8,11.3,10.8,,47.0,
Rich Coady,CHI,TE,26.0,14.0,8.0,0.0,0.0,0.0,0.0,0.0,0.0,0.0,,0.0,6.0,44.0,7.33,1.0,0.0,,1.0,,,10.0,16.4,16.4,13.4,,40.0,
Mike Ditka,DAL,TE,31.0,14.0,0.0,0.0,0.0,0.0,0.0,0.0,0.0,0.0,,0.0,8.0,98.0,12.25,0.0,0.0,,0.0,,,10.0,17.8,17.8,13.8,,41.0,
Mike Donohoe,ATL,TE,25.0,14.0,0.0,0.0,0.0,0.0,0.0,0.0,0.0,0.0,,0.0,2.0,36.0,18.0,1.0,0.0,,1.0,,,10.0,11.6,11.6,10.6,,42.0,
Dennis Homan,DAL,WR,24.0,10.0,6.0,0.0,0.0,0.0,0.0,0.0,2.0,-3.0,-1.5,0.0,7.0,105.0,15.0,0.0,0.0,,0.0,,,10.0,17.2,20.2,13.7,,58.0,
Gayle Knief,BOS,WR,24.0,3.0,0.0,0.0,0.0,0.0,0.0,0.0,0.0,0.0,,0.0,3.0,39.0,13.0,1.0,0.0,,1.0,,,10.0,12.9,12.9,11.4,,59.0,
Bob Long,RAM,WR,28.0,3.0,2.0,0.0,0.0,0.0,0.0,0.0,0.0,0.0,,0.0,3.0,35.0,11.67,1.0,0.0,,1.0,,,10.0,12.5,12.5,11.0,,60.0,
Randy Minniear,CLE,RB,27.0,8.0,0.0,0.0,0.0,0.0,0.0,0.0,12.0,39.0,3.25,1.0,1.0,-1.0,-1.0,0.0,0.0,,1.0,,,10.0,10.8,10.8,10.3,,106.0,
Sid Blanks,BOS,RB,30.0,14.0,0.0,0.0,0.0,0.0,0.0,0.0,13.0,44.0,3.38,0.0,5.0,49.0,9.8,0.0,0.0,,0.0,,,9.0,14.3,14.3,11.8,,107.0,
Charley Frazier,BOS,WR,31.0,9.0,1.0,0.0,0.0,0.0,0.0,0.0,0.0,0.0,,0.0,9.0,86.0,9.56,0.0,0.0,,0.0,,,9.0,17.6,17.6,13.1,,61.0,
Pettis Norman,DAL,TE,31.0,14.0,14.0,0.0,0.0,0.0,0.0,0.0,2.0,16.0,8.0,0.0,6.0,70.0,11.67,0.0,0.0,,0.0,,,9.0,14.6,14.6,11.6,,44.0,
Larry Todd,OAK,RB,28.0,10.0,0.0,0.0,0.0,0.0,0.0,0.0,17.0,39.0,2.29,0.0,5.0,51.0,10.2,0.0,0.0,,0.0,,,9.0,14.0,14.0,11.5,,108.0,
J.R. Wilburn,PIT,TE,27.0,6.0,4.0,0.0,0.0,0.0,0.0,0.0,5.0,25.0,5.0,0.0,6.0,77.0,12.83,0.0,1.0,,0.0,,,9.0,15.2,15.7,12.2,,43.0,
Pat Curran,RAM,TE,25.0,14.0,1.0,0.0,2.0,0.0,0.0,1.0,25.0,92.0,3.68,0.0,3.0,25.0,8.33,0.0,2.0,,0.0,,,8.0,10.7,12.7,10.2,,45.0,
Larry Krause,GNB,RB,22.0,14.0,0.0,0.0,0.0,0.0,0.0,0.0,2.0,13.0,6.5,0.0,2.0,22.0,11.0,0.0,2.0,,1.0,,,8.0,9.5,10.5,8.5,,109.0,
John Spilis,GNB,WR,23.0,14.0,4.0,0.0,0.0,0.0,0.0,0.0,0.0,0.0,,0.0,6.0,76.0,12.67,0.0,0.0,,0.0,,,8.0,13.6,13.6,10.6,,62.0,
Bob Brunet,WAS,RB,24.0,6.0,0.0,0.0,0.0,0.0,0.0,0.0,9.0,37.0,4.11,0.0,3.0,28.0,9.33,0.0,0.0,,0.0,,,7.0,9.5,9.5,8.0,,112.0,
Dave Kopay,WAS,RB,28.0,12.0,1.0,0.0,0.0,0.0,0.0,0.0,13.0,49.0,3.77,0.0,7.0,24.0,3.43,0.0,0.0,,0.0,,,7.0,14.3,14.3,10.8,,110.0,
Rick Norton,GNB,QB,27.0,1.0,0.0,3.0,5.0,64.0,1.0,0.0,0.0,0.0,,0.0,0.0,0.0,,0.0,0.0,,0.0,,,7.0,6.6,6.6,6.6,,49.0,
Ray Ogden,CHI,TE,28.0,9.0,0.0,0.0,0.0,0.0,0.0,0.0,0.0,0.0,,0.0,1.0,6.0,6.0,1.0,0.0,,1.0,,,7.0,7.6,7.6,7.1,,46.0,
Karl Sweetan,RAM,QB,28.0,6.0,0.0,6.0,13.0,81.0,1.0,0.0,0.0,0.0,,0.0,0.0,0.0,,0.0,0.0,,0.0,,,7.0,7.2,7.2,7.2,,48.0,
Claxton Welch,2TM,RB,23.0,9.0,0.0,0.0,0.0,0.0,0.0,0.0,5.0,13.0,2.6,1.0,0.0,0.0,,0.0,0.0,,1.0,,,7.0,7.3,7.3,7.3,,111.0,
,,,,,,,,,,,,,,,,,,,,,,,,,,,,,,
Doug Dressler,CIN,RB,22.0,14.0,0.0,0.0,0.0,0.0,0.0,0.0,18.0,77.0,4.28,0.0,0.0,0.0,,0.0,2.0,,0.0,,,6.0,5.7,6.7,5.7,,113.0,
Rich Houston,NYG,WR,25.0,13.0,4.0,0.0,0.0,0.0,0.0,0.0,0.0,0.0,,0.0,4.0,68.0,17.0,0.0,1.0,,0.0,,,6.0,9.8,10.3,7.8,,63.0,
Harry Jones,PHI,RB,25.0,2.0,2.0,0.0,0.0,0.0,0.0,0.0,13.0,44.0,3.38,0.0,1.0,12.0,12.0,0.0,0.0,,0.0,,,6.0,6.6,6.6,6.1,,114.0,
Glenn Alexander,BUF,WR,23.0,13.0,0.0,0.0,0.0,0.0,0.0,0.0,0.0,0.0,,0.0,4.0,51.0,12.75,0.0,0.0,,0.0,,,5.0,9.1,9.1,7.1,,66.0,
Drew Buie,OAK,WR,23.0,14.0,0.0,0.0,0.0,0.0,0.0,0.0,0.0,0.0,,0.0,2.0,52.0,26.0,0.0,0.0,,0.0,,,5.0,7.2,7.2,6.2,,64.0,
John Embree,DEN,WR,26.0,7.0,1.0,0.0,0.0,0.0,0.0,0.0,0.0,0.0,,0.0,4.0,50.0,12.5,0.0,0.0,,0.0,,,5.0,9.0,9.0,7.0,,68.0,
Mike Livingston,KAN,QB,25.0,4.0,2.0,11.0,22.0,122.0,0.0,1.0,3.0,26.0,8.67,0.0,0.0,0.0,,0.0,0.0,,0.0,,,5.0,5.5,6.5,6.5,,50.0,
Jim Mandich,MIA,TE,22.0,14.0,0.0,0.0,0.0,0.0,0.0,0.0,0.0,0.0,,0.0,1.0,3.0,3.0,1.0,1.0,,1.0,,,5.0,6.3,6.8,5.8,,47.0,
Lew Porter,KAN,WR,23.0,5.0,1.0,0.0,0.0,0.0,0.0,0.0,2.0,21.0,10.5,0.0,1.0,29.0,29.0,0.0,0.0,,0.0,,,5.0,6.0,6.0,5.5,,67.0,
Bill Rademacher,BOS,WR,28.0,14.0,1.0,0.0,0.0,0.0,0.0,0.0,0.0,0.0,,0.0,4.0,51.0,12.75,0.0,0.0,,0.0,,,5.0,9.1,9.1,7.1,,65.0,
Bob Shaw,NOR,WR,23.0,4.0,0.0,0.0,0.0,0.0,0.0,0.0,0.0,0.0,,0.0,1.0,49.0,49.0,0.0,0.0,,0.0,,,5.0,5.9,5.9,5.4,,69.0,
Perry Williams,GNB,RB,24.0,13.0,0.0,0.0,0.0,0.0,0.0,0.0,17.0,44.0,2.59,0.0,3.0,11.0,3.67,0.0,1.0,,0.0,,,5.0,7.5,8.0,6.0,,115.0,
Bob Adams,PIT,TE,24.0,14.0,2.0,0.0,0.0,0.0,0.0,0.0,0.0,0.0,,0.0,3.0,36.0,12.0,0.0,0.0,,0.0,,,4.0,6.6,6.6,5.1,,50.0,
Charlie Brown,DET,WR,22.0,14.0,0.0,0.0,0.0,0.0,0.0,0.0,0.0,0.0,,0.0,2.0,38.0,19.0,0.0,0.0,,0.0,,,4.0,5.8,5.8,4.8,,71.0,
Linzy Cole,CHI,WR,22.0,7.0,3.0,0.0,0.0,0.0,0.0,0.0,0.0,0.0,,0.0,3.0,47.0,15.67,0.0,1.0,,0.0,,,4.0,6.7,7.2,5.2,,72.0,
Bob Davis,NYJ,QB,25.0,1.0,0.0,6.0,17.0,66.0,0.0,0.0,2.0,11.0,5.5,0.0,0.0,0.0,,0.0,0.0,,0.0,,,4.0,3.7,3.7,3.7,,51.0,
Rick Eber,SDG,WR,25.0,6.0,1.0,0.0,0.0,0.0,0.0,0.0,0.0,0.0,,0.0,2.0,43.0,21.5,0.0,0.0,,0.0,,,4.0,6.3,6.3,5.3,,70.0,
Jimmy Hester,CHI,TE,26.0,5.0,3.0,0.0,0.0,0.0,0.0,0.0,0.0,0.0,,0.0,7.0,54.0,7.71,0.0,1.0,,0.0,,,4.0,11.4,11.9,7.9,,48.0,
Jeff Jordan,RAM,RB,25.0,9.0,0.0,0.0,0.0,0.0,0.0,0.0,10.0,50.0,5.0,0.0,1.0,-5.0,-5.0,0.0,1.0,,0.0,,,4.0,4.5,5.0,4.0,,117.0,
Ralph Kurek,CHI,RB,27.0,11.0,0.0,0.0,0.0,0.0,0.0,0.0,6.0,24.0,4.0,0.0,3.0,11.0,3.67,0.0,0.0,,0.0,,,4.0,6.5,6.5,5.0,,118.0,
Art Strozier,SDG,TE,24.0,14.0,2.0,0.0,0.0,0.0,0.0,0.0,0.0,0.0,,0.0,2.0,40.0,20.0,0.0,0.0,,0.0,,,4.0,6.0,6.0,5.0,,49.0,
Ernie Wheelwright,NOR,RB,31.0,4.0,0.0,0.0,0.0,0.0,0.0,0.0,16.0,45.0,2.81,0.0,1.0,7.0,7.0,0.0,1.0,,0.0,,,4.0,5.2,5.7,4.7,,116.0,
Terry Cole,PIT,RB,25.0,10.0,0.0,0.0,0.0,0.0,0.0,0.0,9.0,8.0,0.89,0.0,3.0,31.0,10.33,0.0,1.0,,0.0,,,3.0,5.9,6.4,4.4,,119.0,
Jerry Daanen,STL,WR,26.0,14.0,0.0,0.0,0.0,0.0,0.0,0.0,0.0,0.0,,0.0,2.0,31.0,15.5,0.0,0.0,,0.0,,,3.0,5.1,5.1,4.1,,73.0,
Don Horn,GNB,QB,25.0,7.0,1.0,28.0,76.0,428.0,2.0,10.0,5.0,4.0,0.8,0.0,0.0,0.0,,0.0,3.0,,0.0,,,3.0,2.5,17.0,12.5,,53.0,
Ron Lamb,CIN,RB,27.0,14.0,0.0,0.0,0.0,0.0,0.0,0.0,6.0,35.0,5.83,0.0,0.0,0.0,,0.0,1.0,,0.0,,,3.0,2.5,3.0,2.5,,121.0,
Andy Livingston,NOR,RB,26.0,1.0,1.0,0.0,0.0,0.0,0.0,0.0,10.0,29.0,2.9,0.0,0.0,0.0,,0.0,0.0,,0.0,,,3.0,2.9,2.9,2.9,,120.0,
Roland Moss,2TM,TE,24.0,6.0,0.0,0.0,0.0,0.0,0.0,0.0,0.0,0.0,,0.0,2.0,31.0,15.5,0.0,0.0,,0.0,,,3.0,5.1,5.1,4.1,,51.0,
Pat Richter,WAS,TE,29.0,11.0,1.0,0.0,0.0,0.0,0.0,0.0,0.0,0.0,,0.0,2.0,30.0,15.0,0.0,0.0,,0.0,,,3.0,5.0,5.0,4.0,,52.0,
Dick Shiner,NYG,QB,28.0,14.0,0.0,9.0,12.0,87.0,0.0,0.0,0.0,0.0,,0.0,0.0,0.0,,0.0,0.0,,0.0,,,3.0,3.5,3.5,3.5,,52.0,
,,,,,,,,,,,,,,,,,,,,,,,,,,,,,,
Bill Cappleman,MIN,QB,23.0,1.0,0.0,4.0,7.0,49.0,0.0,0.0,0.0,0.0,,0.0,0.0,0.0,,0.0,0.0,,0.0,,,2.0,2.0,2.0,2.0,,54.0,
Wayne Clark,SDG,QB,23.0,1.0,0.0,1.0,2.0,48.0,0.0,0.0,0.0,0.0,,0.0,0.0,0.0,,0.0,0.0,,0.0,,,2.0,1.9,1.9,1.9,,55.0,
Walker Gillette,SDG,WR,23.0,13.0,0.0,0.0,0.0,0.0,0.0,0.0,0.0,0.0,,0.0,2.0,21.0,10.5,0.0,0.0,,0.0,,,2.0,4.1,4.1,3.1,,74.0,
Clyde Glosson,BUF,WR,23.0,11.0,0.0,0.0,0.0,0.0,0.0,0.0,0.0,0.0,,0.0,2.0,16.0,8.0,0.0,0.0,,0.0,,,2.0,3.6,3.6,2.6,,75.0,
Bob Klein,RAM,TE,23.0,7.0,0.0,0.0,0.0,0.0,0.0,0.0,0.0,0.0,,0.0,2.0,20.0,10.0,0.0,0.0,,0.0,,,2.0,4.0,4.0,3.0,,53.0,
Robert Brown,STL,TE,27.0,14.0,1.0,0.0,0.0,0.0,0.0,0.0,1.0,8.0,8.0,0.0,0.0,0.0,,0.0,0.0,,0.0,,,1.0,0.8,0.8,0.8,,55.0,
Mike Brunson,ATL,RB,23.0,8.0,0.0,0.0,0.0,0.0,0.0,0.0,1.0,9.0,9.0,0.0,0.0,0.0,,0.0,0.0,,0.0,,,1.0,0.9,0.9,0.9,,123.0,
Craig Cotton,DET,TE,23.0,14.0,0.0,0.0,0.0,0.0,0.0,0.0,0.0,0.0,,0.0,1.0,6.0,6.0,0.0,0.0,,0.0,,,1.0,1.6,1.6,1.1,,57.0,
Dan Darragh,BUF,QB,24.0,3.0,2.0,11.0,29.0,71.0,0.0,2.0,1.0,26.0,26.0,0.0,0.0,0.0,,0.0,0.0,,0.0,,,1.0,1.4,3.4,3.4,,56.0,
Bill Dusenbery,NOR,RB,22.0,8.0,0.0,0.0,0.0,0.0,0.0,0.0,4.0,6.0,1.5,0.0,0.0,0.0,,0.0,0.0,,0.0,,,1.0,0.6,0.6,0.6,,127.0,
Bob Gladieux,2TM,RB,23.0,10.0,0.0,0.0,0.0,0.0,0.0,0.0,4.0,8.0,2.0,0.0,0.0,0.0,,0.0,0.0,,0.0,,,1.0,0.8,0.8,0.8,,125.0,
Leroy Keyes,PHI,RB,23.0,3.0,0.0,0.0,0.0,0.0,0.0,0.0,2.0,7.0,3.5,0.0,0.0,0.0,,0.0,0.0,,0.0,,,1.0,0.7,0.7,0.7,,126.0,
Kent Kramer,MIN,TE,26.0,11.0,0.0,0.0,0.0,0.0,0.0,0.0,0.0,0.0,,0.0,1.0,10.0,10.0,0.0,0.0,,0.0,,,1.0,2.0,2.0,1.5,,54.0,
Bruce Maxwell,DET,RB,23.0,11.0,0.0,0.0,0.0,0.0,0.0,0.0,1.0,9.0,9.0,0.0,0.0,0.0,,0.0,0.0,,0.0,,,1.0,0.9,0.9,0.9,,124.0,
Vic Nyvall,NOR,RB,22.0,2.0,1.0,0.0,0.0,0.0,0.0,0.0,5.0,6.0,1.2,0.0,2.0,-1.0,-0.5,0.0,,,0.0,,,1.0,2.5,,,,128.0,
Frank Patrick,GNB,QB,23.0,1.0,0.0,6.0,14.0,59.0,0.0,1.0,2.0,5.0,2.5,0.0,0.0,0.0,,0.0,0.0,,0.0,,,1.0,0.9,1.9,1.9,,57.0,
Eddie Ray,BOS,RB,23.0,5.0,1.0,0.0,0.0,0.0,0.0,0.0,5.0,13.0,2.6,0.0,0.0,0.0,,0.0,0.0,,0.0,,,1.0,1.3,1.3,1.3,,122.0,
Wayne Stewart,NYJ,TE,23.0,7.0,0.0,0.0,0.0,0.0,0.0,0.0,0.0,0.0,,0.0,1.0,7.0,7.0,0.0,0.0,,0.0,,,1.0,1.7,1.7,1.2,,56.0,
Donnie Williams,RAM,WR,22.0,5.0,0.0,0.0,0.0,0.0,0.0,0.0,0.0,0.0,,0.0,1.0,9.0,9.0,0.0,0.0,,0.0,,,1.0,1.9,1.9,1.4,,76.0,
Mack Alston,WAS,TE,23.0,8.0,0.0,0.0,0.0,0.0,0.0,0.0,0.0,0.0,,0.0,0.0,0.0,,0.0,,,0.0,,,,,,,,65.0,
Gary Arthur,NYJ,TE,22.0,7.0,0.0,0.0,0.0,0.0,0.0,0.0,0.0,0.0,,0.0,0.0,0.0,,0.0,,,0.0,,,,,,,,61.0,
Mike Carter,GNB,WR,22.0,2.0,0.0,0.0,0.0,0.0,0.0,0.0,0.0,0.0,,0.0,0.0,0.0,,0.0,,,0.0,,,,,,,,88.0,
Larry Conjar,BAL,RB,25.0,3.0,1.0,0.0,0.0,0.0,0.0,0.0,1.0,3.0,3.0,0.0,0.0,0.0,,0.0,0.0,,0.0,,,,0.3,0.3,0.3,,130.0,
Paul Costa,BUF,TE,29.0,14.0,14.0,0.0,0.0,0.0,0.0,0.0,0.0,0.0,,0.0,0.0,0.0,,0.0,0.0,,0.0,,,,,,,,59.0,
Paul Dunn,CIN,RB,22.0,5.0,0.0,0.0,0.0,0.0,0.0,0.0,0.0,0.0,,0.0,0.0,0.0,,0.0,,,0.0,,,,,,,,135.0,
Steve Engel,CLE,RB,23.0,3.0,0.0,0.0,0.0,0.0,0.0,0.0,0.0,0.0,,0.0,0.0,0.0,,0.0,,,0.0,,,,,,,,136.0,
Earl Gros,NOR,FB,30.0,1.0,0.0,0.0,0.0,0.0,0.0,0.0,4.0,2.0,0.5,0.0,2.0,0.0,0.0,0.0,0.0,,0.0,,,,2.2,2.2,1.2,,132.0,
Jerry Hendren,DEN,WR,23.0,10.0,0.0,0.0,0.0,0.0,0.0,0.0,0.0,0.0,,0.0,0.0,0.0,,0.0,0.0,,0.0,,,,,,,,87.0,
Don Highsmith,OAK,RB,22.0,8.0,0.0,0.0,0.0,0.0,0.0,0.0,2.0,2.0,1.0,0.0,0.0,0.0,,0.0,0.0,,0.0,,,,0.2,0.2,0.2,,133.0,
Jimmy Hines,KAN,WR,24.0,1.0,0.0,0.0,0.0,0.0,0.0,0.0,0.0,0.0,,0.0,0.0,0.0,,0.0,,,0.0,,,,,,,,86.0,
,,,,,,,,,,,,,,,,,,,,,,,,,,,,,,
Fred Hyatt,STL,WR,24.0,10.0,0.0,0.0,0.0,0.0,0.0,0.0,0.0,0.0,,0.0,0.0,0.0,,0.0,,,0.0,,,,,,,,85.0,
Lee Johnson,SFO,WR,26.0,7.0,0.0,0.0,0.0,0.0,0.0,0.0,0.0,0.0,,0.0,0.0,0.0,,0.0,,,0.0,,,,,,,,84.0,
Dave Jones,CLE,WR,23.0,14.0,0.0,0.0,0.0,0.0,0.0,0.0,0.0,0.0,,0.0,0.0,0.0,,0.0,0.0,,0.0,,,,,,,,83.0,
Dave Kalina,PIT,WR,23.0,2.0,0.0,0.0,0.0,0.0,0.0,0.0,0.0,0.0,,0.0,0.0,0.0,,0.0,,,0.0,,,,,,,,82.0,
Mike Kelly,CIN,TE,22.0,12.0,0.0,0.0,0.0,0.0,0.0,0.0,0.0,0.0,,0.0,0.0,0.0,,0.0,0.0,,0.0,,,,,,,,63.0,
Ted Koy,OAK,TE,23.0,14.0,0.0,0.0,0.0,0.0,0.0,0.0,0.0,0.0,,0.0,0.0,0.0,,0.0,,,0.0,,,,,,,,66.0,
Kent Lawrence,ATL,WR,24.0,1.0,0.0,0.0,0.0,0.0,0.0,0.0,0.0,0.0,,0.0,0.0,0.0,,0.0,,,0.0,,,,,,,,81.0,
Gary Lewis,NOR,RB,28.0,1.0,0.0,0.0,0.0,0.0,0.0,0.0,0.0,0.0,,0.0,0.0,0.0,,0.0,0.0,,0.0,,,,,,,,137.0,
Jacque MacKinnon,OAK,TE,32.0,4.0,2.0,0.0,0.0,0.0,0.0,0.0,0.0,0.0,,0.0,0.0,0.0,,0.0,,,0.0,,,,,,,,64.0,
Bill Malinchak,WAS,WR,26.0,9.0,0.0,0.0,0.0,0.0,0.0,0.0,0.0,0.0,,0.0,0.0,0.0,,0.0,,,0.0,,,,,,,,80.0,
Cliff McClain,NYJ,RB,23.0,10.0,0.0,0.0,0.0,0.0,0.0,0.0,0.0,0.0,,0.0,1.0,11.0,11.0,0.0,1.0,,0.0,,,,1.1,1.6,0.6,,134.0,
Jim McFarland,2TM,TE,23.0,10.0,0.0,0.0,0.0,0.0,0.0,0.0,0.0,0.0,,0.0,0.0,0.0,,0.0,,,0.0,,,,,,,,60.0,
Bob Naponic,HOU,QB,23.0,2.0,0.0,6.0,20.0,85.0,0.0,2.0,3.0,12.0,4.0,0.0,0.0,0.0,,0.0,1.0,,0.0,,,,-0.4,2.1,1.6,,61.0,
Kent Nix,CHI,QB,26.0,1.0,0.0,0.0,1.0,0.0,0.0,0.0,0.0,0.0,,0.0,0.0,0.0,,0.0,0.0,,0.0,,,,,,,,60.0,
Phil Odle,DET,WR,28.0,4.0,0.0,0.0,0.0,0.0,0.0,0.0,0.0,0.0,,0.0,0.0,0.0,,0.0,,,0.0,,,,,,,,79.0,
Charlie Pittman,STL,RB,22.0,8.0,0.0,0.0,0.0,0.0,0.0,0.0,2.0,4.0,2.0,0.0,0.0,0.0,,0.0,0.0,,0.0,,,,0.4,0.4,0.4,,129.0,
Barry Pryor,MIA,RB,24.0,2.0,0.0,0.0,0.0,0.0,0.0,0.0,2.0,0.0,0.0,0.0,0.0,0.0,,0.0,0.0,,0.0,,,,,,,,138.0,
Steve Ramsey,NOR,QB,22.0,1.0,0.0,0.0,2.0,0.0,0.0,0.0,0.0,0.0,,0.0,0.0,0.0,,0.0,0.0,,0.0,,,,,,,,59.0,
Tom Richardson,BOS,WR,26.0,1.0,0.0,0.0,0.0,0.0,0.0,0.0,0.0,0.0,,0.0,0.0,0.0,,0.0,,,0.0,,,,,,,,78.0,
Frank Ryan,WAS,QB,34.0,1.0,0.0,1.0,4.0,3.0,0.0,0.0,0.0,0.0,,0.0,0.0,0.0,,0.0,0.0,,0.0,,,,0.1,0.1,0.1,,58.0,
Tommie Smiley,HOU,RB,26.0,7.0,0.0,0.0,0.0,0.0,0.0,0.0,1.0,0.0,0.0,0.0,0.0,0.0,,0.0,0.0,,0.0,,,,,,,,139.0,
Terry Stoepel,HOU,TE,25.0,14.0,0.0,0.0,0.0,0.0,0.0,0.0,0.0,0.0,,0.0,0.0,0.0,,0.0,,,0.0,,,,,,,,58.0,
Jim Strong,SFO,RB,24.0,3.0,0.0,0.0,0.0,0.0,0.0,0.0,2.0,3.0,1.5,0.0,0.0,0.0,,0.0,0.0,,0.0,,,,0.3,0.3,0.3,,131.0,
Stu Voigt,MIN,TE,22.0,3.0,0.0,0.0,0.0,0.0,0.0,0.0,0.0,0.0,,0.0,0.0,0.0,,0.0,,,0.0,,,,,,,,62.0,
Paul White,STL,RB,22.0,5.0,0.0,0.0,0.0,0.0,0.0,0.0,0.0,0.0,,0.0,0.0,0.0,,0.0,0.0,,0.0,,,,,,,,140.0,
Wandy Williams,DEN,RB,24.0,1.0,0.0,0.0,0.0,0.0,0.0,0.0,0.0,0.0,,0.0,0.0,0.0,,0.0,,,0.0,,,,,,,,141.0,
Harry Wilson,PHI,RB,26.0,1.0,0.0,0.0,0.0,0.0,0.0,0.0,0.0,0.0,,0.0,0.0,0.0,,0.0,,,0.0,,,,,,,,142.0,
Paul Zaeske,HOU,WR,25.0,5.0,0.0,0.0,0.0,0.0,0.0,0.0,0.0,0.0,,0.0,0.0,0.0,,0.0,,,0.0,,,,,,,,77.0,
Margene Adkins,DAL,WR,23.0,5.0,0.0,0.0,0.0,0.0,0.0,0.0,0.0,0.0,,0.0,0.0,0.0,,0.0,1.0,,0.0,,,-1.0,-1.0,-0.5,-1.0,,90.0,
Ken Brown,CLE,RB,25.0,11.0,0.0,0.0,0.0,0.0,0.0,0.0,1.0,-8.0,-8.0,0.0,0.0,0.0,,0.0,0.0,,0.0,,,-1.0,-0.8,-0.8,-0.8,,143.0,
,,,,,,,,,,,,,,,,,,,,,,,,,,,,,,
Donnie Davis,HOU,TE,30.0,14.0,0.0,0.0,0.0,0.0,0.0,0.0,0.0,0.0,,0.0,0.0,0.0,,0.0,1.0,,0.0,,,-1.0,-1.0,-0.5,-1.0,,67.0,
Ike Hill,BUF,WR,23.0,6.0,0.0,0.0,0.0,0.0,0.0,0.0,0.0,0.0,,0.0,0.0,0.0,,0.0,1.0,,0.0,,,-1.0,-1.0,-0.5,-1.0,,89.0,
Les Shy,NYG,RB,26.0,13.0,0.0,0.0,0.0,0.0,0.0,0.0,4.0,13.0,3.25,0.0,2.0,8.0,4.0,0.0,3.0,,0.0,,,-1.0,1.1,2.6,0.1,,144.0,
Ken Stabler,OAK,QB,25.0,3.0,0.0,2.0,7.0,52.0,0.0,1.0,1.0,-4.0,-4.0,0.0,0.0,0.0,,0.0,1.0,,0.0,,,-1.0,-1.3,0.2,-0.3,,62.0,
Hubert Ginn,MIA,RB,23.0,12.0,0.0,0.0,0.0,0.0,0.0,0.0,5.0,-1.0,-0.2,0.0,0.0,0.0,,0.0,2.0,,0.0,,,-2.0,-2.1,-1.1,-2.1,,146.0,
John Huarte,KAN,QB,27.0,1.0,0.0,0.0,2.0,0.0,0.0,1.0,0.0,0.0,,0.0,0.0,0.0,,0.0,0.0,,0.0,,,-2.0,-2.0,-1.0,-1.0,,63.0,
Danny Pierce,WAS,RB,22.0,2.0,0.0,0.0,0.0,0.0,0.0,0.0,5.0,6.0,1.2,0.0,1.0,6.0,6.0,0.0,3.0,,0.0,,,-2.0,-0.8,0.7,-1.3,,145.0,
Billy Walik,PHI,WR,23.0,14.0,0.0,0.0,0.0,0.0,0.0,0.0,0.0,0.0,,0.0,1.0,0.0,0.0,0.0,3.0,,0.0,,,-3.0,-2.0,-0.5,-2.5,,91.0,
Don Gault,CLE,QB,24.0,2.0,1.0,2.0,19.0,67.0,0.0,3.0,0.0,0.0,,0.0,0.0,0.0,,0.0,1.0,,0.0,,,-4.0,-4.3,-0.8,-1.3,,64.0,
